,MD,Hook_load,WOB,RPM,Torque,Intake_pressure,ROP
0,2909.2,104.12,0.0,0.0,0.36,0.0,25.53
1,2909.2,132.5,0.0,0.0,0.0,0.0,25.53
2,2909.2,87.05,0.0,0.0,0.0,0.0,25.53
3,2909.2,154.16,0.0,0.0,0.0,0.0,25.53
4,2909.2,48.97,0.0,0.0,0.0,0.0,25.53
5,2909.2,86.07,0.0,0.0,0.0,0.0,25.53
6,2909.2,137.35,0.0,0.0,0.0,0.0,25.53
7,2909.2,48.86,0.0,0.0,0.0,0.0,25.53
8,2909.2,53.7,0.0,0.0,0.0,0.0,25.53
9,2909.2,59.1,0.0,0.0,0.0,0.0,25.53
10,2909.2,61.56,0.0,0.0,0.0,0.0,25.53
11,2909.2,62.45,0.0,0.0,0.0,0.0,25.53
12,2909.2,62.79,0.0,0.0,0.0,0.0,25.53
13,2909.2,62.77,0.0,0.0,0.0,0.0,25.53
14,2909.2,62.74,0.0,0.0,0.0,0.0,25.53
15,2909.2,62.45,0.0,0.0,0.0,30.56,25.53
16,2909.2,61.27,0.0,0.0,0.0,74.76,25.53
17,2909.2,59.94,0.0,0.0,0.0,93.5,25.53
18,2909.2,59.21,0.0,0.0,0.0,102.84,25.53
19,2909.2,58.74,0.0,0.0,0.0,107.5,25.53
20,2909.2,58.84,0.0,0.0,0.0,109.51,25.53
21,2909.2,58.57,0.0,0.0,0.0,110.3,25.53
22,2909.2,58.51,0.0,0.0,0.0,110.65,25.53
23,2909.2,58.55,0.0,0.0,0.0,110.77,25.53
24,2909.2,58.5,0.0,0.0,0.0,110.82,25.53
25,2909.2,58.61,0.0,0.0,0.0,110.77,25.53
26,2909.2,58.69,0.0,0.0,0.0,110.86,25.53
27,2909.2,58.73,0.0,0.0,0.0,110.75,25.53
28,2909.2,58.78,0.0,0.0,0.0,110.66,25.53
29,2909.2,58.94,0.0,0.0,0.0,110.48,25.53
30,2909.2,59.08,0.0,0.0,0.0,110.49,25.53
31,2909.2,59.04,0.0,0.0,0.0,110.45,25.53
32,2909.2,58.86,0.0,0.0,0.0,110.43,25.53
33,2909.2,58.97,0.0,0.0,0.0,110.39,25.53
34,2909.2,59.02,0.0,0.0,0.0,110.49,25.53
35,2909.2,59.11,0.0,0.0,0.0,110.32,25.53
36,2909.2,59.09,0.0,0.0,0.0,110.19,25.53
37,2909.2,59.05,0.0,0.0,0.0,110.28,25.53
38,2909.2,59.16,0.0,0.0,0.0,110.26,25.53
39,2909.2,59.21,0.0,0.0,0.0,110.18,25.53
40,2909.2,59.22,0.0,0.0,0.0,110.08,25.53
41,2909.2,59.33,0.0,0.0,0.0,110.25,25.53
42,2909.2,59.35,0.0,0.0,0.0,110.24,25.53
43,2909.2,59.35,0.0,0.0,0.0,110.2,25.53
44,2909.2,59.38,0.0,0.0,0.0,110.16,25.53
45,2909.2,59.44,0.0,0.0,0.0,110.25,25.53
46,2909.2,59.46,0.0,0.0,0.0,110.18,25.53
47,2909.2,59.41,0.0,0.0,0.0,110.17,25.53
48,2909.2,59.42,0.0,0.0,0.0,109.97,25.53
49,2909.2,59.43,0.0,0.0,0.0,110.03,25.53
50,2909.2,59.47,0.0,0.0,0.0,110.07,25.53
51,2909.2,59.53,0.0,9.59,0.78,109.91,25.53
52,2909.2,65.31,0.0,68.93,1.75,109.93,25.53
53,2909.2,72.26,0.0,69.82,1.97,110.49,25.53
54,2909.2,74.92,0.0,69.82,2.24,111.21,25.53
55,2909.2,75.79,0.0,69.91,2.21,111.43,25.53
56,2909.2,76.09,0.0,70.0,1.95,111.63,25.53
57,2909.2,76.07,0.0,70.0,2.03,111.38,25.53
58,2909.2,76.23,0.0,69.82,2.11,111.39,25.53
59,2909.2,75.28,0.0,69.91,1.23,111.44,25.53
60,2909.2,75.48,0.0,69.91,1.61,111.87,25.53
61,2909.2,74.9,0.0,70.0,1.55,111.95,25.53
62,2909.2,75.1,0.0,69.82,1.93,112.33,25.53
63,2909.2,74.07,0.0,69.82,1.57,112.4,25.53
64,2909.2,73.22,0.0,69.73,1.95,112.5,25.53
65,2909.2,72.89,0.0,69.91,1.86,114.04,25.53
66,2909.2,71.89,0.0,69.91,2.11,116.75,25.53
67,2909.2,71.84,0.0,69.82,2.02,118.73,25.53
68,2909.2,71.19,0.0,69.82,1.85,119.43,25.53
69,2909.2,68.75,0.0,69.82,1.92,121.64,25.53
70,2909.2,67.71,0.0,69.91,1.6,124.38,25.53
71,2909.2,67.33,0.0,69.82,1.82,126.23,25.53
72,2909.2,67.0,0.0,69.73,1.87,127.33,25.53
73,2909.2,67.08,0.0,69.64,2.08,127.98,25.53
74,2909.27,67.26,0.0,69.64,2.28,128.12,25.53
75,2909.27,66.86,0.0,69.55,2.21,128.22,25.53
76,2909.33,66.81,0.0,69.64,2.36,128.34,25.53
77,2909.33,67.21,0.0,69.73,2.29,128.18,25.53
78,2909.39,67.68,0.0,69.82,2.24,127.85,25.53
79,2909.39,67.53,0.0,69.73,2.26,127.2,25.53
80,2909.46,67.34,0.0,69.64,2.38,127.41,25.53
81,2909.52,66.91,0.0,69.91,1.95,127.77,25.53
82,2909.58,66.52,0.0,69.91,2.17,128.4,25.53
83,2909.58,66.31,4.69,70.0,1.79,129.1,25.53
84,2909.65,65.89,5.11,70.0,1.79,129.76,25.53
85,2909.65,66.04,4.96,70.0,1.68,130.12,25.53
86,2909.71,66.34,4.66,70.0,1.68,130.05,25.53
87,2909.71,66.34,4.66,69.91,1.79,129.53,25.53
88,2909.77,66.35,9.65,69.82,1.96,129.61,25.53
89,2909.77,66.68,9.32,69.82,1.98,129.66,25.53
90,2909.84,66.91,9.09,69.73,1.8,128.97,25.53
91,2909.84,67.26,8.74,69.73,2.3,128.98,25.53
92,2909.84,67.97,8.03,69.73,2.16,128.37,25.53
93,2909.9,68.04,7.96,69.73,2.15,127.49,25.53
94,2909.9,68.14,7.86,69.73,2.26,126.7,25.53
95,2909.96,68.22,7.78,69.82,2.17,126.66,25.53
96,2910.03,67.51,8.49,70.0,1.72,127.33,15.45
97,2910.03,67.45,8.55,70.09,1.86,128.11,15.45
98,2910.09,66.59,9.41,70.0,1.73,128.55,15.45
99,2910.09,66.7,9.3,70.09,1.63,129.64,15.45
100,2910.15,66.94,9.06,70.09,1.54,129.46,15.45
101,2910.22,66.58,9.43,70.09,1.61,128.89,15.45
102,2910.22,65.93,10.07,70.09,1.84,129.26,15.45
103,2910.28,65.48,10.52,70.0,1.58,129.88,15.45
104,2910.34,65.22,10.78,69.91,1.57,130.08,15.45
105,2910.34,65.66,10.34,69.82,1.77,129.59,15.45
106,2910.34,65.97,10.03,69.91,1.76,128.94,15.45
107,2910.41,66.12,9.88,69.73,1.89,129.18,15.45
108,2910.41,66.37,9.63,69.82,1.88,129.62,15.45
109,2910.41,66.69,9.31,69.64,2.21,129.91,15.45
110,2910.41,67.09,8.91,69.64,2.33,129.42,15.45
111,2910.47,67.9,8.1,69.55,2.24,128.5,15.45
112,2910.53,67.97,8.03,69.64,2.12,127.44,15.45
113,2910.6,67.26,8.74,69.55,2.3,127.24,15.45
114,2910.6,66.85,9.15,69.73,2.17,128.43,15.45
115,2910.66,66.47,9.53,69.91,2.04,129.43,15.45
116,2910.72,66.3,9.7,69.82,2.02,130.1,15.45
117,2910.72,66.29,9.71,69.82,2.09,130.07,15.45
118,2910.72,66.38,9.62,69.91,1.79,129.59,15.45
119,2910.79,66.63,9.37,69.91,1.74,128.6,15.45
120,2910.85,66.35,9.65,69.82,1.96,128.52,15.45
121,2910.85,66.11,9.89,69.82,1.96,129.49,15.45
122,2910.91,66.51,9.49,69.91,1.7,129.94,15.45
123,2910.91,67.13,8.87,69.82,1.76,129.44,15.45
124,2910.91,67.46,8.54,69.64,1.97,128.46,15.45
125,2910.98,67.49,8.51,69.73,1.92,127.67,15.45
126,2910.98,67.05,8.95,69.73,2.14,127.55,15.45
127,2910.98,67.47,8.53,69.73,1.81,127.52,15.45
128,2911.04,68.18,7.82,69.64,2.25,126.91,22.52
129,2911.1,68.27,7.73,69.64,2.22,126.15,22.52
130,2911.1,67.83,8.17,69.73,2.1,126.33,22.52
131,2911.1,67.65,8.35,69.82,2.11,127.24,22.52
132,2911.17,67.61,8.39,69.82,1.92,127.2,22.52
133,2911.29,66.65,9.35,69.82,1.93,127.29,22.52
134,2911.29,66.37,9.63,69.82,2.25,128.63,22.52
135,2911.29,66.89,9.11,69.91,1.92,129.19,22.52
136,2911.29,67.42,8.59,69.91,2.2,128.81,22.52
137,2911.42,67.04,8.96,69.82,2.11,128.47,22.52
138,2911.42,66.73,9.27,69.82,1.98,128.88,22.52
139,2911.42,66.86,9.14,69.82,2.1,128.94,22.52
140,2911.48,66.68,9.32,69.82,2.15,128.69,22.52
141,2911.48,66.29,9.71,69.91,1.97,128.85,22.52
142,2911.55,66.31,9.69,69.91,2.09,129.25,22.52
143,2911.55,66.69,9.31,69.91,2.04,129.01,22.52
144,2911.55,67.24,8.76,70.0,1.77,128.4,22.52
145,2911.61,67.51,8.49,69.73,2.05,127.75,22.52
146,2911.61,67.85,8.15,69.82,1.86,127.02,22.52
147,2911.67,68.08,7.92,69.82,1.99,126.61,22.52
148,2911.67,68.27,7.73,69.64,2.26,126.2,22.52
149,2911.67,68.68,7.32,69.82,1.97,125.22,22.52
150,2911.74,68.51,7.49,69.73,2.17,124.79,22.52
151,2911.86,67.59,8.41,69.73,2.27,125.34,22.52
152,2911.86,66.62,9.38,69.82,2.13,126.94,22.52
153,2911.93,66.43,9.57,69.73,2.26,127.98,22.52
154,2911.93,66.56,9.44,70.0,1.74,128.72,22.52
155,2911.99,66.2,9.8,70.0,1.72,128.98,22.52
156,2911.99,65.97,10.03,69.91,1.82,129.53,22.52
157,2912.05,66.18,9.82,69.91,1.71,129.24,25.69
158,2912.12,66.39,9.61,69.73,1.92,129.01,25.69
159,2912.18,66.2,9.8,69.73,1.97,129.06,25.69
160,2912.18,66.21,9.79,69.82,1.93,129.15,25.69
161,2912.24,66.45,9.55,69.64,2.04,128.93,25.69
162,2912.24,66.63,9.37,69.73,2.11,128.96,25.69
163,2912.31,66.42,9.58,69.73,2.01,129.2,25.69
164,2912.31,66.09,9.91,69.64,2.18,129.19,25.69
165,2912.37,66.23,9.77,69.73,2.1,129.19,25.69
166,2912.37,66.58,9.42,69.64,1.93,128.66,25.69
167,2912.43,66.56,9.44,69.64,2.15,128.43,25.69
168,2912.5,66.13,9.87,69.73,2.14,128.93,25.69
169,2912.5,66.07,9.93,69.73,2.04,129.49,25.69
170,2912.56,66.32,9.68,69.64,2.15,129.51,25.69
171,2912.56,66.79,9.21,69.64,1.99,128.87,25.69
172,2912.62,67.12,8.88,69.73,1.86,127.96,25.69
173,2912.62,66.9,9.1,69.91,1.65,127.54,25.69
174,2912.69,67.01,8.99,69.73,1.97,128.15,25.69
175,2912.75,66.49,9.51,69.73,1.81,128.85,25.69
176,2912.75,66.74,9.26,69.64,2.09,128.94,25.69
177,2912.75,67.55,8.45,69.64,2.12,128.28,25.69
178,2912.81,67.05,8.95,69.64,2.26,127.94,25.69
179,2912.88,66.55,9.45,69.64,2.27,128.36,25.69
180,2912.94,66.43,9.57,69.73,2.21,128.99,25.69
181,2912.94,66.35,9.65,69.64,2.33,129.59,25.69
182,2913.0,66.4,9.6,69.91,2.24,129.73,27.15
183,2913.0,66.65,9.35,69.82,2.13,129.24,27.15
184,2913.07,66.71,9.29,69.82,2.24,128.5,27.15
185,2913.13,66.91,9.09,69.82,2.13,128.57,27.15
186,2913.13,66.58,9.42,70.09,1.72,129.14,27.15
187,2913.19,66.37,9.63,70.0,1.85,129.93,27.15
188,2913.26,65.93,10.07,69.91,1.91,130.22,27.15
189,2913.26,65.96,10.04,70.09,1.74,130.74,27.15
190,2913.26,66.58,9.42,70.09,1.65,130.56,27.15
191,2913.32,67.0,9.0,69.82,1.89,129.62,27.15
192,2913.38,66.76,9.24,69.82,1.74,129.03,27.15
193,2913.38,66.33,9.67,69.82,1.61,129.19,27.15
194,2913.38,66.78,9.22,69.82,1.64,129.23,27.15
195,2913.45,67.06,8.94,69.73,1.97,128.64,27.15
196,2913.51,66.54,9.46,69.64,2.08,128.21,27.15
197,2913.57,66.4,9.6,69.82,1.92,128.77,27.15
198,2913.57,66.36,9.64,69.64,2.17,129.37,27.15
199,2913.64,66.55,9.45,69.64,2.27,129.88,27.15
200,2913.64,66.36,9.64,69.64,2.25,129.74,27.15
201,2913.7,66.43,9.57,69.64,2.3,129.62,27.15
202,2913.7,66.8,9.2,69.55,2.31,129.65,27.15
203,2913.76,66.26,9.74,69.64,2.32,129.29,27.15
204,2913.83,66.26,9.74,69.64,2.31,129.51,27.15
205,2913.83,65.52,10.48,69.64,2.43,130.43,27.15
206,2913.89,65.69,10.31,69.64,2.29,130.75,27.15
207,2913.95,66.09,9.91,69.73,2.41,130.55,27.15
208,2913.95,65.66,10.34,69.55,2.41,130.55,27.15
209,2914.02,65.9,10.1,69.64,2.3,130.66,27.03
210,2914.08,65.23,10.77,69.64,2.39,131.2,27.03
211,2914.08,65.18,10.82,69.73,2.26,131.79,27.03
212,2914.08,65.77,8.23,69.55,2.48,131.49,27.03
213,2914.08,66.27,7.73,69.73,2.21,130.25,27.03
214,2914.14,66.72,7.28,69.82,2.11,129.21,27.03
215,2914.21,66.18,7.82,70.0,1.86,129.37,27.03
216,2914.27,65.62,8.38,69.82,2.16,129.97,27.03
217,2914.27,65.33,8.67,69.91,1.99,130.25,27.03
218,2914.27,65.65,8.35,69.82,2.05,130.42,27.03
219,2914.33,65.73,8.27,69.82,2.12,129.95,27.03
220,2914.33,65.54,8.46,70.0,1.81,130.1,27.03
221,2914.4,65.85,8.15,70.09,1.65,130.28,27.03
222,2914.4,66.41,7.59,70.0,1.73,129.64,27.03
223,2914.46,66.61,7.39,70.0,1.84,129.41,27.03
224,2914.46,66.39,7.61,70.0,1.7,128.99,27.03
225,2914.52,66.02,7.98,70.0,1.83,129.48,27.03
226,2914.59,65.84,8.16,69.91,1.87,130.21,27.03
227,2914.59,66.05,7.95,70.09,1.62,130.38,27.03
228,2914.59,66.39,7.61,70.0,1.78,129.9,27.03
229,2914.65,66.45,7.55,70.0,1.89,129.11,27.03
230,2914.71,65.74,8.26,70.0,1.75,129.33,27.03
231,2914.71,65.61,8.39,70.09,1.57,130.11,27.03
232,2914.78,65.83,8.17,70.09,1.63,130.38,27.03
233,2914.78,65.79,8.21,70.09,1.61,130.02,27.03
234,2914.78,65.92,8.08,70.0,1.79,129.79,27.03
235,2914.84,65.96,8.04,70.0,1.61,129.39,27.03
236,2914.9,65.98,8.02,69.91,1.69,129.48,27.03
237,2914.9,66.05,7.95,70.0,1.55,129.51,27.03
238,2914.97,66.21,7.79,70.0,1.59,129.44,27.03
239,2915.03,65.65,8.35,69.64,1.96,129.48,24.0
240,2915.03,65.4,8.6,69.64,1.98,129.76,24.0
241,2915.03,65.38,8.62,69.64,2.11,130.01,24.0
242,2915.09,64.94,9.06,69.64,1.85,131.04,24.0
243,2915.09,64.68,9.32,69.64,2.21,131.46,24.0
244,2915.16,64.89,9.11,69.55,2.27,131.9,24.0
245,2915.16,64.83,9.17,69.64,2.37,132.68,24.0
246,2915.16,65.1,8.9,69.64,2.11,132.82,24.0
247,2915.22,65.77,8.23,69.64,2.24,131.63,24.0
248,2915.22,66.04,7.96,69.64,2.29,130.24,24.0
249,2915.28,66.48,7.52,69.55,2.22,129.54,24.0
250,2915.28,66.38,7.62,69.64,2.09,128.55,24.0
251,2915.35,66.22,7.78,69.64,2.16,128.79,24.0
252,2915.35,65.39,8.61,69.64,2.12,129.8,24.0
253,2915.41,65.7,8.3,69.64,2.15,130.57,24.0
254,2915.41,66.0,8.0,69.64,2.14,130.46,24.0
255,2915.41,66.53,7.47,69.64,2.26,129.91,24.0
256,2915.41,67.23,6.77,69.64,2.22,129.26,24.0
257,2915.54,67.23,6.77,69.64,2.09,127.98,24.0
258,2915.54,66.62,7.38,69.55,2.25,128.24,24.0
259,2915.54,66.27,7.73,69.55,2.27,128.74,24.0
260,2915.6,66.05,7.95,69.64,2.13,129.16,24.0
261,2915.66,66.3,7.7,69.64,2.1,129.53,24.0
262,2915.73,65.61,8.39,69.64,2.1,130.2,24.0
263,2915.73,65.65,8.35,69.64,2.1,131.37,24.0
264,2915.73,65.78,8.22,69.64,2.3,131.83,24.0
265,2915.79,66.67,7.33,69.64,2.14,131.27,24.0
266,2915.79,66.79,7.21,69.73,2.07,130.16,24.0
267,2915.85,66.83,7.17,69.64,2.24,129.54,24.0
268,2915.92,66.5,7.5,69.73,2.11,129.69,24.0
269,2915.92,66.36,7.64,69.64,2.29,130.13,24.0
270,2915.98,65.87,8.13,69.64,2.18,130.43,24.0
271,2916.04,65.72,8.28,69.73,2.24,130.78,22.8
272,2916.04,65.41,8.59,69.73,2.18,130.99,22.8
273,2916.04,65.69,8.31,69.73,2.16,131.21,22.8
274,2916.17,65.67,8.33,69.73,2.3,131.48,22.8
275,2916.17,65.63,8.37,69.82,1.98,131.95,22.8
276,2916.23,65.48,8.52,69.82,2.08,132.05,22.8
277,2916.3,65.34,8.66,69.91,1.82,132.34,22.8
278,2916.3,64.93,9.07,69.73,1.95,133.02,22.8
279,2916.3,65.25,8.75,70.0,1.71,133.21,22.8
280,2916.36,65.94,8.06,70.0,1.47,132.69,22.8
281,2916.42,65.97,8.03,70.09,1.54,131.66,22.8
282,2916.49,64.62,9.38,69.91,1.68,131.58,22.8
283,2916.49,64.44,9.56,69.91,1.61,132.62,22.8
284,2916.55,64.58,9.42,70.0,1.48,132.84,22.8
285,2916.55,65.25,8.75,70.0,1.49,132.36,22.8
286,2916.55,65.38,8.62,69.91,1.62,131.5,22.8
287,2916.61,65.64,8.36,69.82,1.82,131.2,22.8
288,2916.61,66.27,7.73,69.82,1.64,130.66,22.8
289,2916.68,67.09,6.91,69.82,1.63,129.58,22.8
290,2916.68,67.97,6.03,69.64,2.17,128.76,22.8
291,2916.74,68.13,5.87,69.64,2.05,127.46,22.8
292,2916.74,67.31,6.69,69.64,2.0,126.84,22.8
293,2916.8,67.02,6.98,69.64,2.19,128.13,22.8
294,2916.87,66.91,7.09,69.64,2.27,128.85,22.8
295,2916.87,66.91,7.09,69.64,2.18,129.44,22.8
296,2916.93,66.64,7.36,69.64,2.18,129.55,22.8
297,2916.93,66.89,7.11,69.64,2.37,129.61,22.8
298,2916.99,66.3,7.7,69.73,2.13,129.44,22.8
299,2917.06,66.08,7.92,69.73,2.03,129.74,26.63
300,2917.06,65.96,8.04,69.91,2.02,130.5,26.63
301,2917.12,65.59,8.41,69.91,2.04,131.51,26.63
302,2917.12,65.88,8.12,70.09,1.76,131.66,26.63
303,2917.18,65.62,8.38,69.91,1.91,131.3,26.63
304,2917.18,65.86,8.14,69.73,2.13,131.43,26.63
305,2917.25,66.34,7.66,69.73,1.98,130.91,26.63
306,2917.31,65.59,8.41,69.73,2.07,130.98,26.63
307,2917.31,65.19,8.81,69.64,2.31,131.46,26.63
308,2917.37,65.75,8.25,69.73,2.3,131.64,26.63
309,2917.37,65.89,8.11,69.82,2.29,131.19,26.63
310,2917.44,65.88,8.12,69.64,2.45,130.76,26.63
311,2917.5,65.71,8.29,69.64,2.32,130.55,26.63
312,2917.5,65.56,8.44,69.82,2.29,130.18,26.63
313,2917.5,65.55,8.45,69.64,2.44,130.4,26.63
314,2917.56,65.45,8.55,69.73,2.26,131.25,26.63
315,2917.56,65.51,8.49,69.73,2.22,131.61,26.63
316,2917.56,65.78,8.22,69.82,2.21,131.66,26.63
317,2917.63,65.48,8.52,69.91,1.94,131.03,26.63
318,2917.69,65.47,8.53,69.91,1.84,130.62,26.63
319,2917.69,65.48,8.52,69.91,1.82,130.93,26.63
320,2917.75,65.06,8.94,69.91,1.71,130.8,26.63
321,2917.75,64.97,9.03,70.0,1.68,131.6,26.63
322,2917.82,64.67,9.33,70.09,1.48,132.06,26.63
323,2917.82,64.74,9.26,70.09,1.57,132.9,26.63
324,2917.88,63.97,10.03,70.0,1.65,133.6,26.63
325,2917.88,63.48,10.52,69.82,1.9,133.94,26.63
326,2917.88,63.77,10.23,70.0,1.86,134.11,26.63
327,2917.88,64.41,9.59,70.0,1.79,133.5,26.63
328,2917.88,64.96,9.04,70.0,1.79,132.07,26.63
329,2917.94,65.51,8.49,69.82,1.83,130.85,26.63
330,2917.94,65.47,8.53,69.73,2.16,130.26,26.63
331,2917.94,65.68,8.32,69.73,2.22,130.4,26.63
332,2918.01,65.42,8.58,69.64,2.28,130.38,20.48
333,2918.01,65.02,8.98,69.82,2.16,130.62,20.48
334,2918.07,65.22,8.78,69.73,2.21,130.9,20.48
335,2918.07,65.09,8.91,70.0,1.76,130.63,20.48
336,2918.07,65.23,8.77,70.09,1.62,131.21,20.48
337,2918.07,65.14,8.86,70.09,1.78,131.7,20.48
338,2918.13,65.64,8.36,70.0,1.82,131.75,20.48
339,2918.13,65.64,8.36,70.0,1.61,131.81,20.48
340,2918.2,65.86,8.14,70.09,1.34,131.74,20.48
341,2918.2,65.7,8.3,70.09,1.54,131.28,20.48
342,2918.26,65.97,8.03,70.18,1.43,130.98,20.48
343,2918.26,66.11,7.89,69.91,1.59,130.92,20.48
344,2918.26,65.9,8.11,70.0,1.51,130.68,20.48
345,2918.32,66.34,7.66,70.09,1.33,130.27,20.48
346,2918.32,66.87,7.13,70.0,1.5,129.61,20.48
347,2918.32,67.05,6.95,69.73,2.16,128.6,20.48
348,2918.39,67.39,6.61,69.82,2.08,128.14,20.48
349,2918.39,67.01,6.99,69.64,2.23,127.9,20.48
350,2918.45,66.6,7.4,69.64,2.21,128.31,20.48
351,2918.51,66.12,7.88,69.64,2.12,129.19,20.48
352,2918.58,65.68,8.32,69.64,2.21,130.53,20.48
353,2918.58,66.01,7.99,69.73,2.34,131.3,20.48
354,2918.58,66.22,7.78,69.73,2.25,130.72,20.48
355,2918.64,65.62,8.38,69.82,2.05,130.57,20.48
356,2918.7,65.49,8.51,69.73,2.16,130.56,20.48
357,2918.7,65.79,8.21,70.09,1.85,130.79,20.48
358,2918.77,65.79,8.22,70.0,1.63,130.75,20.48
359,2918.77,65.69,8.31,70.09,1.7,130.88,20.48
360,2918.83,65.75,8.25,70.09,1.75,131.25,20.48
361,2918.83,65.95,8.05,70.0,1.62,131.4,20.48
362,2918.83,66.62,7.38,70.0,1.68,130.99,20.48
363,2918.83,67.45,6.55,70.0,1.61,129.51,20.48
364,2918.83,68.29,5.71,69.73,1.98,127.66,20.48
365,2918.89,68.68,5.32,69.82,1.92,126.3,20.48
366,2918.89,67.53,6.47,69.64,2.0,126.87,20.48
367,2918.96,67.87,6.13,69.64,2.19,127.57,20.48
368,2918.96,68.39,5.61,69.73,2.11,126.95,20.48
369,2919.02,68.23,5.77,69.73,2.11,126.46,19.94
370,2919.08,67.66,6.34,69.82,2.06,127.0,19.94
371,2919.08,67.26,6.74,69.91,1.81,127.66,19.94
372,2919.15,67.24,6.76,70.0,1.67,128.46,19.94
373,2919.21,67.09,6.91,70.0,1.68,128.69,19.94
374,2919.27,66.42,7.58,70.0,1.63,129.07,19.94
375,2919.27,66.23,7.77,70.0,1.58,129.88,19.94
376,2919.27,66.44,7.56,70.0,1.55,130.24,19.94
377,2919.34,66.78,7.22,69.91,1.73,129.98,19.94
378,2919.34,66.91,7.09,70.0,1.58,129.68,19.94
379,2919.4,66.98,7.02,69.91,1.84,129.18,19.94
380,2919.46,67.0,7.0,69.73,1.85,129.53,19.94
381,2919.46,66.87,7.13,69.64,1.96,129.62,19.94
382,2919.53,66.57,7.43,69.82,1.9,129.79,19.94
383,2919.53,66.23,7.77,69.73,1.86,130.19,19.94
384,2919.59,66.14,7.86,69.64,2.01,130.15,19.94
385,2919.59,66.16,7.85,69.64,2.21,130.3,19.94
386,2919.59,66.7,7.3,69.91,2.19,130.22,19.94
387,2919.65,67.29,6.71,69.73,2.31,129.72,19.94
388,2919.65,67.99,6.01,69.82,2.14,129.02,19.94
389,2919.65,68.54,5.46,69.73,2.21,127.66,19.94
390,2919.65,68.88,5.12,69.73,2.19,126.72,19.94
391,2919.72,68.66,5.34,69.82,2.04,125.95,19.94
392,2919.72,68.69,5.31,69.91,1.75,126.27,19.94
393,2919.78,68.56,5.44,69.91,1.79,126.38,19.94
394,2919.78,68.16,5.84,69.82,1.84,126.47,19.94
395,2919.84,68.0,6.0,69.82,1.75,127.08,19.94
396,2919.91,67.9,6.1,69.82,1.77,127.35,19.94
397,2919.97,67.53,6.47,69.73,1.86,127.74,19.94
398,2919.97,66.9,7.1,69.64,2.11,128.63,19.94
399,2920.03,67.13,6.87,69.55,2.0,129.06,24.0
400,2920.03,67.23,6.77,69.64,2.09,129.14,24.0
401,2920.03,67.51,6.49,69.73,1.99,128.39,24.0
402,2920.1,67.53,6.47,69.91,1.98,128.15,24.0
403,2920.1,67.73,6.27,69.73,2.06,127.94,24.0
404,2920.22,66.7,7.3,69.73,1.99,128.42,24.0
405,2920.22,65.81,8.19,69.91,1.86,129.82,24.0
406,2920.29,65.71,8.29,69.91,1.7,130.92,24.0
407,2920.29,66.17,7.83,69.91,1.58,131.09,24.0
408,2920.35,66.84,7.16,69.82,1.73,130.3,24.0
409,2920.35,66.92,7.08,69.91,1.6,129.53,24.0
410,2920.42,67.42,6.58,69.82,1.62,129.33,24.0
411,2920.42,66.8,7.2,69.82,1.77,129.32,24.0
412,2920.48,67.07,6.93,69.82,1.86,129.05,24.0
413,2920.48,67.26,6.74,69.82,2.11,128.46,24.0
414,2920.54,67.03,6.97,69.73,2.06,128.1,24.0
415,2920.54,67.3,6.7,69.55,2.25,128.11,24.0
416,2920.54,68.01,5.99,69.55,2.01,127.7,24.0
417,2920.54,68.24,5.76,69.73,1.97,126.5,24.0
418,2920.6,68.44,5.56,69.73,2.11,125.68,24.0
419,2920.6,68.75,5.25,69.73,2.15,125.28,24.0
420,2920.6,68.52,5.48,69.73,2.05,124.88,24.0
421,2920.67,68.04,5.96,69.91,1.82,125.08,24.0
422,2920.73,67.93,6.07,69.91,1.82,125.82,24.0
423,2920.73,68.07,5.93,69.91,1.83,126.32,24.0
424,2920.73,68.2,5.8,70.0,1.83,126.33,24.0
425,2920.79,67.85,6.15,70.0,1.67,126.28,24.0
426,2920.86,67.6,6.4,69.91,1.99,126.75,24.0
427,2920.92,67.35,6.65,69.91,1.7,127.34,24.0
428,2920.92,66.91,7.09,69.82,1.76,127.87,24.0
429,2920.92,66.95,7.05,69.91,1.85,128.2,24.0
430,2920.99,67.15,6.85,69.82,1.68,128.04,24.0
431,2920.99,67.29,6.71,69.82,1.84,127.69,24.0
432,2921.05,66.59,7.41,69.82,1.88,127.87,22.52
433,2921.11,66.48,7.52,69.64,2.09,128.36,22.52
434,2921.11,66.35,7.65,69.82,2.0,128.62,22.52
435,2921.18,66.49,7.51,69.64,2.17,128.52,22.52
436,2921.18,66.77,7.23,69.64,2.2,128.33,22.52
437,2921.18,66.72,7.28,69.82,1.95,128.85,22.52
438,2921.3,66.34,7.66,69.73,2.16,128.57,22.52
439,2921.3,66.15,7.85,69.82,2.12,129.11,22.52
440,2921.3,66.07,7.93,69.73,2.1,129.48,22.52
441,2921.36,66.14,7.86,69.73,2.17,129.3,22.52
442,2921.36,66.6,7.4,69.82,2.07,128.93,22.52
443,2921.36,67.21,6.79,69.91,2.06,128.51,22.52
444,2921.43,67.32,6.68,69.91,2.0,128.04,22.52
445,2921.43,66.78,7.22,70.0,1.8,127.55,22.52
446,2921.49,66.61,7.39,70.0,1.59,127.81,22.52
447,2921.49,66.21,7.79,69.91,1.73,128.51,22.52
448,2921.56,66.55,7.45,70.09,1.56,128.41,22.52
449,2921.62,66.46,7.54,70.18,1.49,128.5,22.52
450,2921.62,66.45,7.55,70.0,1.5,128.4,22.52
451,2921.62,66.7,7.3,69.91,1.76,128.05,22.52
452,2921.62,67.06,6.94,70.0,1.52,127.43,22.52
453,2921.75,67.09,6.91,69.91,1.75,127.24,22.52
454,2921.81,66.49,7.51,69.91,1.7,127.82,22.52
455,2921.81,66.05,7.95,69.82,1.98,128.96,22.52
456,2921.81,66.01,7.99,69.73,1.86,129.42,22.52
457,2921.87,65.87,8.13,69.73,1.85,129.54,22.52
458,2921.87,66.5,7.5,69.91,1.75,129.32,22.52
459,2921.87,67.33,6.67,69.82,1.87,128.45,22.52
460,2921.87,67.59,6.41,69.82,1.82,127.17,22.52
461,2921.94,67.12,6.88,69.73,2.01,127.01,22.52
462,2922.0,66.67,7.33,69.82,1.98,127.73,22.52
463,2922.0,66.71,7.29,69.82,1.86,128.24,22.52
464,2922.06,66.77,7.23,69.64,2.13,128.4,22.38
465,2922.06,66.99,7.01,69.64,2.16,128.11,22.38
466,2922.13,66.95,7.05,69.73,2.17,127.83,22.38
467,2922.13,66.97,7.03,69.64,2.27,128.1,22.38
468,2922.13,67.17,6.83,69.64,2.15,128.23,22.38
469,2922.19,66.99,7.01,69.73,2.11,128.15,22.38
470,2922.19,67.09,6.91,69.73,2.17,128.37,22.38
471,2922.25,67.03,6.97,69.73,2.09,128.17,22.38
472,2922.25,66.88,7.12,69.82,2.13,128.05,22.38
473,2922.32,66.84,7.16,69.82,1.97,128.64,22.38
474,2922.32,67.12,6.88,69.73,2.19,128.66,22.38
475,2922.32,67.35,6.65,69.91,1.92,128.07,22.38
476,2922.32,67.88,6.12,69.82,1.82,127.69,22.38
477,2922.38,67.83,6.17,69.91,1.92,126.56,22.38
478,2922.44,67.48,6.52,70.0,1.67,126.68,22.38
479,2922.44,67.2,6.8,69.91,1.88,127.11,22.38
480,2922.51,67.14,6.86,69.91,1.78,127.22,22.38
481,2922.51,67.22,6.78,70.0,1.63,127.68,22.38
482,2922.51,67.77,6.23,69.91,1.83,127.51,22.38
483,2922.51,68.03,5.97,69.91,1.79,126.71,22.38
484,2922.57,68.51,5.49,69.91,1.88,125.47,22.38
485,2922.63,68.17,5.83,69.82,2.0,125.64,22.38
486,2922.7,67.08,6.92,69.91,1.83,126.47,22.38
487,2922.7,67.17,6.83,69.64,2.22,127.6,22.38
488,2922.76,67.6,6.4,69.82,1.97,128.12,22.38
489,2922.82,66.87,7.13,69.82,1.97,128.31,22.38
490,2922.82,66.38,7.62,69.73,1.99,128.81,22.38
491,2922.89,65.97,8.03,69.73,2.11,129.98,22.38
492,2922.89,65.82,8.18,69.73,2.05,130.77,22.38
493,2922.95,65.93,8.07,69.73,2.03,130.69,22.38
494,2922.95,66.41,7.59,69.82,2.02,130.44,22.38
495,2923.01,65.87,8.13,69.64,2.03,130.15,22.36
496,2923.08,65.42,8.58,69.73,2.01,130.63,22.36
497,2923.08,65.78,8.22,69.73,2.19,131.08,22.36
498,2923.08,66.15,7.85,69.91,2.02,130.75,22.36
499,2923.14,66.4,7.6,69.91,1.9,130.03,22.36
500,2923.14,66.98,7.02,69.82,2.02,129.52,22.36
501,2923.14,67.38,6.62,69.82,2.12,128.75,22.36
502,2923.14,67.38,6.62,70.0,1.91,128.12,22.36
503,2923.2,67.54,6.46,69.91,1.87,128.05,22.36
504,2923.2,67.94,6.06,70.0,1.91,127.79,22.36
505,2923.27,67.82,6.18,70.0,1.73,127.25,22.36
506,2923.33,67.69,6.31,70.09,1.52,127.35,22.36
507,2923.39,66.41,7.59,70.0,1.83,127.87,22.36
508,2923.46,65.47,8.53,70.0,1.65,129.66,22.36
509,2923.46,65.42,8.58,69.91,1.85,130.98,22.36
510,2923.46,65.89,8.11,69.82,1.83,131.08,22.36
511,2923.52,65.81,8.19,69.91,1.89,130.49,22.36
512,2923.58,65.41,8.59,70.09,1.42,130.41,22.36
513,2923.58,65.58,8.42,70.09,1.47,130.5,22.36
514,2923.65,65.65,8.35,70.09,1.55,130.81,22.36
515,2923.65,65.77,8.23,69.91,1.59,130.84,22.36
516,2923.65,66.21,7.79,70.0,1.61,130.6,22.36
517,2923.65,66.22,7.78,70.09,1.57,129.73,22.36
518,2923.65,66.12,7.88,69.91,1.97,129.52,22.36
519,2923.65,66.27,7.73,70.09,1.56,129.16,22.36
520,2923.77,66.08,7.92,70.0,1.66,129.01,22.36
521,2923.77,65.98,8.02,70.0,1.75,129.04,22.36
522,2923.77,65.72,8.28,70.0,1.84,128.79,22.36
523,2923.84,65.75,8.25,69.91,1.64,128.29,22.36
524,2923.84,66.25,7.75,70.09,1.64,128.01,22.36
525,2923.9,66.44,7.56,70.0,1.66,127.11,22.36
526,2923.9,66.15,7.85,70.0,1.63,127.35,22.36
527,2923.9,65.81,8.19,70.0,1.62,128.09,22.36
528,2923.96,65.89,8.11,69.91,1.67,128.44,22.36
529,2923.96,66.16,7.84,69.91,1.59,128.53,22.36
530,2923.96,65.99,8.01,70.0,1.68,128.43,22.36
531,2923.96,66.3,7.7,70.0,1.62,128.07,22.36
532,2924.03,66.52,7.48,69.91,1.91,127.01,19.83
533,2924.09,66.3,7.7,69.91,1.91,127.3,19.83
534,2924.09,65.6,8.4,69.91,1.69,127.8,19.83
535,2924.15,66.08,7.92,69.91,1.66,128.07,19.83
536,2924.15,66.85,7.15,70.0,1.6,128.24,19.83
537,2924.22,66.73,7.27,70.0,1.73,128.43,19.83
538,2924.22,66.47,7.53,70.09,1.61,128.83,19.83
539,2924.28,66.78,7.22,69.91,1.75,129.07,19.83
540,2924.34,66.31,7.69,70.0,1.75,129.26,19.83
541,2924.34,65.85,8.15,70.09,1.56,129.88,19.83
542,2924.34,65.97,8.03,70.0,1.85,130.68,19.83
543,2924.41,65.94,8.06,70.0,1.69,130.32,19.83
544,2924.41,66.32,7.69,70.09,1.57,129.68,19.83
545,2924.47,66.03,7.97,70.0,1.74,129.7,19.83
546,2924.47,65.93,8.07,70.0,1.78,129.93,19.83
547,2924.53,65.81,8.19,69.82,1.89,130.29,19.83
548,2924.53,66.02,7.98,69.82,1.98,129.93,19.83
549,2924.6,66.25,7.75,69.91,1.72,129.15,19.83
550,2924.6,65.96,8.04,69.91,1.82,129.27,19.83
551,2924.66,65.94,8.06,69.91,1.8,129.12,19.83
552,2924.66,65.91,8.09,69.73,1.88,129.09,19.83
553,2924.72,66.27,7.73,69.82,1.8,129.49,19.83
554,2924.79,66.66,7.34,69.64,2.08,129.19,19.83
555,2924.91,64.53,9.47,69.82,1.9,129.42,19.83
556,2924.91,63.06,10.94,69.82,1.86,131.58,19.83
557,2924.98,62.84,11.16,69.82,1.7,132.75,19.83
558,2924.98,63.18,10.82,69.91,1.75,133.2,19.83
559,2925.04,63.13,10.87,69.91,1.53,132.45,26.63
560,2925.1,62.81,11.19,69.64,1.91,132.91,26.63
561,2925.1,62.76,11.24,69.91,1.75,133.88,26.63
562,2925.1,63.58,10.42,70.0,1.63,134.31,26.63
563,2925.17,64.13,9.87,69.91,1.73,133.46,26.63
564,2925.17,64.61,9.39,69.91,1.62,132.63,26.63
565,2925.23,64.58,9.42,69.73,1.8,132.39,26.63
566,2925.29,63.9,10.1,69.73,1.95,132.57,26.63
567,2925.36,63.83,10.17,69.82,1.81,132.61,26.63
568,2925.36,64.12,9.88,69.73,1.92,132.5,26.63
569,2925.36,64.4,9.6,69.73,1.82,131.75,26.63
570,2925.42,64.59,9.41,69.64,2.09,130.66,26.63
571,2925.42,64.79,9.22,69.64,1.91,130.75,26.63
572,2925.42,64.67,9.33,69.64,2.02,131.08,26.63
573,2925.48,65.13,8.87,69.64,2.08,131.09,26.63
574,2925.55,64.94,9.06,69.73,2.06,131.4,26.63
575,2925.61,64.9,9.11,69.73,2.14,131.45,26.63
576,2925.61,65.19,8.81,69.64,2.25,131.37,26.63
577,2925.61,65.63,8.37,69.82,2.31,131.11,26.63
578,2925.61,66.31,7.69,69.82,2.17,130.65,26.63
579,2925.61,66.71,7.29,69.73,2.16,129.89,26.63
580,2925.67,67.09,6.91,69.82,2.12,129.01,26.63
581,2925.74,66.98,7.02,69.82,2.08,128.48,26.63
582,2925.8,66.81,7.19,69.82,2.12,128.43,26.63
583,2925.8,66.46,7.54,69.73,2.14,128.9,26.63
584,2925.86,66.22,7.78,69.91,1.87,129.28,26.63
585,2925.86,66.16,7.84,70.18,1.59,129.58,26.63
586,2925.93,65.65,8.35,70.09,1.61,130.18,26.63
587,2925.93,65.13,8.87,70.0,1.76,131.34,26.63
588,2925.93,65.55,8.45,70.09,1.69,131.58,26.63
589,2925.93,66.29,7.71,70.09,1.79,130.67,26.63
590,2925.93,67.06,6.94,70.09,1.56,128.64,26.63
591,2925.99,67.5,6.5,70.09,1.51,126.79,26.63
592,2926.05,67.13,6.87,70.09,1.47,126.51,22.11
593,2926.12,66.88,7.12,70.0,1.61,127.73,22.11
594,2926.12,66.73,7.27,69.82,1.61,128.61,22.11
595,2926.12,67.03,6.97,70.09,1.45,128.93,22.11
596,2926.18,67.57,6.43,70.0,1.52,127.99,22.11
597,2926.18,67.59,6.41,70.0,1.8,127.65,22.11
598,2926.24,68.02,5.98,70.09,1.44,127.85,22.11
599,2926.24,67.8,6.2,70.18,1.35,127.31,22.11
600,2926.31,67.09,6.91,70.09,1.71,127.41,22.11
601,2926.31,67.13,6.87,70.0,1.91,127.97,22.11
602,2926.31,67.43,6.57,70.09,1.71,127.43,22.11
603,2926.37,67.25,6.75,70.0,1.63,127.09,22.11
604,2926.43,67.43,6.57,70.0,1.55,127.49,22.11
605,2926.43,67.96,6.04,70.09,1.56,127.53,22.11
606,2926.5,67.46,6.54,70.0,1.62,127.62,22.11
607,2926.5,67.08,6.92,70.18,1.45,128.31,22.11
608,2926.5,66.97,7.03,70.09,1.63,128.81,22.11
609,2926.56,66.91,7.09,70.0,1.72,128.77,22.11
610,2926.62,67.03,6.97,70.09,1.48,128.73,22.11
611,2926.69,66.8,7.2,70.18,1.43,128.89,22.11
612,2926.69,66.09,7.91,70.09,1.73,129.63,22.11
613,2926.75,66.09,7.91,70.18,1.74,129.86,22.11
614,2926.75,66.3,7.7,70.09,1.86,129.74,22.11
615,2926.81,66.15,7.85,70.0,1.89,129.8,22.11
616,2926.81,66.43,7.57,69.82,2.27,129.92,22.11
617,2926.88,66.88,7.12,69.91,1.9,129.74,22.11
618,2926.88,66.69,7.31,69.82,2.07,129.64,22.11
619,2926.94,66.83,7.17,70.0,2.19,129.65,22.11
620,2926.94,66.66,7.34,70.0,1.79,129.73,22.11
621,2926.94,67.39,6.61,70.09,1.63,129.6,22.11
622,2927.0,67.47,6.53,69.91,1.8,129.0,23.11
623,2927.07,67.82,6.18,70.09,1.56,128.58,23.11
624,2927.07,67.47,6.53,70.0,1.65,128.89,23.11
625,2927.07,67.07,6.93,69.82,1.93,128.84,23.11
626,2927.13,67.83,6.17,69.82,1.81,128.37,23.11
627,2927.13,68.76,5.24,69.73,2.15,127.88,23.11
628,2927.13,68.49,5.51,69.91,2.0,126.98,23.11
629,2927.19,68.71,5.29,69.82,2.14,126.34,23.11
630,2927.26,68.84,5.16,69.73,2.25,126.24,23.11
631,2927.26,68.52,5.48,69.82,2.33,126.83,23.11
632,2927.32,67.04,6.96,69.82,2.07,127.72,23.11
633,2927.38,66.63,7.37,69.73,2.19,128.95,23.11
634,2927.38,66.29,7.71,70.09,1.68,129.89,23.11
635,2927.45,66.41,7.59,70.0,1.85,130.5,23.11
636,2927.51,66.6,7.4,70.09,1.75,130.86,23.11
637,2927.51,66.58,7.42,70.0,1.82,131.28,23.11
638,2927.51,67.61,6.39,70.0,1.94,131.29,23.11
639,2927.51,67.69,6.31,70.18,1.75,130.48,23.11
640,2927.51,68.32,5.68,69.91,2.18,129.73,23.11
641,2927.57,68.16,5.84,69.91,2.02,128.34,23.11
642,2927.64,67.9,6.1,70.09,1.6,127.83,23.11
643,2927.64,67.8,6.2,70.0,1.79,127.82,23.11
644,2927.7,67.84,6.16,70.0,1.78,127.42,23.11
645,2927.76,67.51,6.49,69.91,1.98,128.1,23.11
646,2927.76,67.53,6.47,69.91,2.03,128.78,23.11
647,2927.76,67.48,6.52,69.91,2.09,129.24,23.11
648,2927.83,67.24,6.76,69.91,1.73,129.62,23.11
649,2927.89,66.85,7.15,69.91,1.95,130.31,23.11
650,2927.95,67.43,6.57,69.91,1.73,131.03,23.11
651,2928.02,66.14,7.86,69.82,1.88,131.55,24.65
652,2928.02,65.99,8.01,69.82,1.97,131.62,24.65
653,2928.02,66.99,7.01,69.91,1.81,132.04,24.65
654,2928.08,66.98,7.02,69.91,1.69,131.06,24.65
655,2928.08,66.78,7.22,70.0,1.67,130.83,24.65
656,2928.08,67.8,6.2,69.91,1.96,130.31,24.65
657,2928.08,69.4,4.6,69.82,1.94,129.34,24.65
658,2928.08,70.53,3.47,69.73,2.02,127.91,24.65
659,2928.14,70.56,3.44,69.82,1.88,126.42,24.65
660,2928.21,71.14,2.86,69.91,1.71,125.48,24.65
661,2928.21,71.52,2.48,69.91,1.86,125.86,24.65
662,2928.27,71.21,2.79,70.0,1.69,125.93,24.65
663,2928.27,70.88,3.12,69.91,1.66,126.52,24.65
664,2928.27,70.4,3.6,69.82,1.99,126.88,24.65
665,2928.33,70.42,3.58,69.82,1.73,127.25,24.65
666,2928.4,70.54,3.46,69.82,1.99,126.95,24.65
667,2928.46,69.74,4.26,69.82,2.08,127.13,24.65
668,2928.46,69.37,4.63,69.73,2.3,128.15,24.65
669,2928.46,69.36,4.64,69.73,2.28,129.19,24.65
670,2928.46,69.93,4.07,69.82,2.2,128.53,24.65
671,2928.46,71.0,3.0,69.82,2.29,127.29,24.65
672,2928.52,70.74,3.26,69.82,2.06,125.86,24.65
673,2928.52,70.45,3.55,69.82,2.1,125.44,24.65
674,2928.59,70.57,3.43,69.73,2.23,126.0,24.65
675,2928.59,70.21,3.79,69.91,2.17,126.93,24.65
676,2928.59,69.97,4.03,69.82,2.24,127.36,24.65
677,2928.59,70.73,3.27,69.73,2.31,126.82,24.65
678,2928.59,71.63,2.37,70.0,2.03,125.96,24.65
679,2928.59,72.31,1.69,70.0,2.11,125.05,24.65
680,2928.59,73.08,0.92,69.91,2.16,123.9,24.65
681,2928.65,73.65,0.35,70.0,2.07,122.99,24.65
682,2928.65,73.62,0.38,69.91,1.96,122.66,24.65
683,2928.71,73.42,0.59,69.91,1.84,123.02,24.65
684,2928.71,72.48,1.52,69.91,1.77,123.86,24.65
685,2928.78,72.19,1.81,70.0,1.62,124.95,24.65
686,2928.78,71.11,2.9,69.91,1.56,125.56,24.65
687,2928.84,70.06,3.94,69.73,2.08,126.23,24.65
688,2928.84,70.38,3.62,69.82,1.94,126.84,24.65
689,2928.9,69.99,4.01,69.73,2.1,126.83,24.65
690,2928.97,70.39,3.61,69.73,2.25,126.81,24.65
691,2928.97,70.09,3.91,69.64,2.15,127.19,24.65
692,2928.97,69.63,4.37,69.73,2.25,127.77,24.65
693,2928.97,70.03,3.97,69.82,2.13,127.53,24.65
694,2928.97,70.86,3.14,69.73,2.22,126.49,24.65
695,2928.97,70.71,3.29,70.09,1.72,125.57,24.65
696,2929.03,71.28,2.72,70.09,1.54,124.8,16.29
697,2929.03,69.9,4.1,70.0,1.72,124.82,16.29
698,2929.03,70.1,3.9,69.82,2.01,125.16,16.29
699,2929.09,69.89,4.11,69.73,1.99,125.48,16.29
700,2929.09,68.21,5.79,69.73,1.73,126.47,16.29
701,2929.16,66.99,7.01,69.82,1.9,127.12,16.29
702,2929.16,66.41,7.59,69.64,2.08,127.84,16.29
703,2929.22,66.34,7.66,69.64,1.9,128.38,16.29
704,2929.22,67.93,6.07,69.64,1.98,128.16,16.29
705,2929.22,68.07,5.93,69.91,1.59,127.9,16.29
706,2929.28,67.68,6.32,69.91,1.82,127.92,16.29
707,2929.28,67.61,6.39,69.73,2.07,128.13,16.29
708,2929.35,67.66,6.34,69.82,2.12,128.61,16.29
709,2929.41,67.25,6.75,69.64,2.04,130.1,16.29
710,2929.47,67.22,6.78,69.64,2.08,131.66,16.29
711,2929.54,65.87,8.13,69.64,2.08,132.53,16.29
712,2929.54,66.98,7.02,69.64,2.16,133.13,16.29
713,2929.6,67.33,6.67,69.64,1.96,132.75,16.29
714,2929.6,67.86,6.14,69.64,1.96,132.43,16.29
715,2929.6,68.34,5.66,69.64,2.19,131.52,16.29
716,2929.66,69.31,4.69,69.73,1.97,130.98,16.29
717,2929.66,69.59,4.41,69.64,2.2,131.04,16.29
718,2929.66,70.46,3.54,69.64,2.28,130.85,16.29
719,2929.73,70.39,3.61,69.64,2.1,129.91,16.29
720,2929.79,70.27,3.73,69.64,2.16,129.65,16.29
721,2929.79,70.23,3.77,69.73,2.18,130.1,16.29
722,2929.85,69.81,4.19,69.64,2.32,130.95,16.29
723,2929.92,69.41,4.59,69.73,2.03,131.38,16.29
724,2929.98,68.88,5.12,69.64,2.11,132.14,16.29
725,2929.98,69.07,4.93,69.73,2.21,132.12,16.29
726,2930.04,68.63,5.37,69.91,1.88,132.3,24.49
727,2930.11,68.45,5.55,69.82,2.11,132.66,24.49
728,2930.17,68.44,5.56,69.82,2.07,133.26,24.49
729,2930.17,68.56,5.44,69.73,2.37,133.43,24.49
730,2930.17,68.65,5.35,70.0,1.74,133.34,24.49
731,2930.23,68.7,5.3,70.09,1.62,133.04,24.49
732,2930.23,68.97,5.03,69.91,1.66,131.79,24.49
733,2930.23,69.02,4.98,69.82,1.61,130.73,24.49
734,2930.23,69.7,4.3,69.64,2.06,130.51,24.49
735,2930.3,70.35,3.65,69.64,2.3,130.31,24.49
736,2930.36,70.45,3.55,69.73,2.01,130.31,24.49
737,2930.42,70.57,3.43,69.82,1.87,130.64,24.49
738,2930.42,70.53,3.47,69.73,2.17,130.73,24.49
739,2930.42,70.38,3.62,69.82,2.17,130.82,24.49
740,2930.49,70.66,3.34,69.73,2.3,130.49,24.49
741,2930.67,71.13,2.87,69.82,2.25,129.37,24.49
742,2930.73,71.6,2.4,69.82,2.15,128.96,24.49
743,2930.73,71.26,2.74,69.91,2.33,129.17,24.49
744,2930.73,70.75,3.25,69.82,2.27,129.54,24.49
745,2930.8,70.65,3.35,69.82,2.08,129.68,24.49
746,2930.86,70.79,3.21,69.91,1.81,129.84,24.49
747,2930.86,71.12,2.88,69.91,1.88,129.68,24.49
748,2930.86,71.43,2.57,70.09,1.51,128.69,24.49
749,2930.86,71.76,2.24,69.91,1.94,127.53,24.49
750,2930.92,72.1,1.9,69.91,1.67,127.25,24.49
751,2930.92,72.46,1.54,69.64,2.19,126.88,24.49
752,2930.92,72.47,1.53,69.91,1.82,126.53,24.49
753,2930.99,72.03,1.97,69.82,1.71,126.69,24.49
754,2930.99,71.98,2.02,69.73,2.09,126.75,24.49
755,2931.05,72.47,1.53,69.82,2.25,126.58,24.67
756,2931.05,71.88,2.12,69.64,2.23,126.52,24.67
757,2931.11,71.36,2.64,69.73,2.19,127.56,24.67
758,2931.18,71.19,2.81,69.82,2.14,128.67,24.67
759,2931.18,70.57,3.43,69.91,1.91,129.08,24.67
760,2931.24,70.1,3.9,70.09,1.57,129.69,24.67
761,2931.3,69.96,4.04,70.09,1.35,130.49,24.67
762,2931.3,70.18,3.82,70.09,1.54,131.34,24.67
763,2931.3,70.48,3.52,69.91,1.69,131.09,24.67
764,2931.37,70.63,3.37,69.91,1.55,130.47,24.67
765,2931.37,70.36,3.64,70.0,1.6,130.54,24.67
766,2931.43,70.48,3.52,69.91,1.8,130.66,24.67
767,2931.43,70.6,3.4,69.82,1.85,130.97,24.67
768,2931.49,70.45,3.55,69.82,1.68,130.91,24.67
769,2931.49,70.69,3.31,69.64,2.17,131.16,24.67
770,2931.49,71.27,2.73,69.64,2.01,130.28,24.67
771,2931.49,71.75,2.25,69.64,2.06,129.0,24.67
772,2931.49,72.45,1.55,69.64,2.29,127.46,24.67
773,2931.49,72.88,1.12,69.64,2.28,126.02,24.67
774,2931.56,72.11,1.89,69.64,2.15,125.19,24.67
775,2931.62,71.41,2.59,69.64,2.09,126.52,24.67
776,2931.62,71.28,2.72,69.82,2.19,127.83,24.67
777,2931.62,71.48,2.52,69.82,2.09,128.04,24.67
778,2931.62,72.35,1.65,70.0,1.79,127.27,24.67
779,2931.62,72.82,1.18,70.0,2.14,126.33,24.67
780,2931.68,73.38,0.62,70.09,1.78,125.54,24.67
781,2931.68,74.01,0.0,69.91,1.94,124.75,24.67
782,2931.68,74.27,0.0,69.82,1.91,124.2,24.67
783,2931.68,74.62,0.0,70.0,1.69,123.37,24.67
784,2931.68,74.93,0.0,69.82,1.96,122.47,24.67
785,2931.75,74.56,0.0,69.73,1.83,122.17,24.67
786,2931.75,74.68,0.0,69.64,2.12,122.87,24.67
787,2931.81,73.58,0.42,69.82,1.67,124.14,24.67
788,2931.87,73.09,0.91,69.82,1.94,125.36,24.67
789,2931.87,72.18,1.82,69.73,2.01,126.22,24.67
790,2931.94,72.44,1.56,69.82,1.92,126.52,24.67
791,2932.0,71.76,2.24,69.64,2.24,126.96,18.9
792,2932.0,71.19,2.81,69.64,2.08,127.73,18.9
793,2932.06,70.19,3.81,69.64,2.11,128.52,18.9
794,2932.06,70.37,3.63,69.64,2.27,129.19,18.9
795,2932.06,70.47,3.53,69.73,2.11,128.96,18.9
796,2932.06,71.03,2.97,69.64,2.24,128.12,18.9
797,2932.13,71.98,2.02,69.73,2.18,127.04,18.9
798,2932.13,72.34,1.66,69.73,2.08,126.14,18.9
799,2932.19,72.52,1.48,69.73,2.11,125.74,18.9
800,2932.19,72.55,1.45,69.82,1.94,125.86,18.9
801,2932.19,73.07,0.93,69.73,2.0,125.6,18.9
802,2932.19,72.85,1.15,70.0,1.54,125.48,18.9
803,2932.19,73.19,0.81,69.91,1.53,125.61,18.9
804,2932.25,73.73,0.27,69.91,1.76,125.07,18.9
805,2932.32,73.61,0.39,70.0,1.42,125.04,18.9
806,2932.32,73.38,0.62,69.91,1.75,125.38,18.9
807,2932.38,73.13,0.87,70.0,1.59,125.82,18.9
808,2932.38,72.28,1.72,69.73,1.88,126.2,18.9
809,2932.44,72.34,1.66,69.91,1.73,126.64,18.9
810,2932.51,70.92,3.08,69.91,1.86,127.21,18.9
811,2932.51,70.24,3.76,69.82,2.03,128.09,18.9
812,2932.57,69.61,4.39,70.09,1.34,127.75,18.9
813,2932.63,69.63,4.37,69.91,1.55,127.34,18.9
814,2932.63,69.51,4.49,69.91,1.54,127.11,18.9
815,2932.7,69.43,4.57,69.91,1.76,127.67,18.9
816,2932.76,69.32,4.68,69.91,1.82,128.84,18.9
817,2932.76,68.52,5.48,69.64,2.11,130.68,18.9
818,2932.82,69.1,4.9,69.73,2.06,131.73,18.9
819,2932.82,69.1,4.9,69.82,2.09,131.89,18.9
820,2932.89,69.5,4.5,69.82,2.11,131.69,18.9
821,2932.89,69.58,4.42,69.73,2.12,131.43,18.9
822,2932.95,68.8,5.2,69.91,2.07,131.5,18.9
823,2932.95,69.11,4.89,70.0,1.76,131.49,18.9
824,2933.01,69.31,4.69,69.91,1.79,131.27,22.66
825,2933.08,69.56,4.44,70.0,1.84,131.12,22.66
826,2933.08,69.63,4.37,70.09,1.57,130.64,22.66
827,2933.14,69.88,4.12,70.09,1.44,129.83,22.66
828,2933.14,69.91,4.09,70.0,1.61,129.42,22.66
829,2933.2,70.32,3.68,70.0,1.56,128.49,22.66
830,2933.2,70.55,3.45,69.73,1.95,127.98,22.66
831,2933.2,70.07,3.93,69.73,1.93,127.7,22.66
832,2933.27,70.1,3.9,69.73,2.04,127.75,22.66
833,2933.27,70.22,3.78,69.73,2.11,127.68,22.66
834,2933.33,70.41,3.59,70.0,1.7,127.93,22.66
835,2933.33,70.41,3.59,70.0,1.86,128.27,22.66
836,2933.39,71.03,2.97,69.91,1.76,127.69,22.66
837,2933.39,71.16,2.84,69.91,1.66,126.88,22.66
838,2933.46,70.53,3.47,70.0,1.56,127.04,22.66
839,2933.46,70.76,3.24,69.82,1.87,127.69,22.66
840,2933.52,70.49,3.51,69.91,1.66,127.43,22.66
841,2933.52,70.68,3.32,69.91,1.65,127.42,22.66
842,2933.58,70.9,3.1,69.73,1.9,127.1,22.66
843,2933.58,70.82,3.18,69.82,1.86,126.82,22.66
844,2933.58,71.16,2.84,69.82,2.17,126.51,22.66
845,2933.65,71.7,2.3,69.82,2.16,126.03,22.66
846,2933.65,71.42,2.58,69.82,2.05,126.17,22.66
847,2933.65,71.31,2.69,69.73,2.27,126.54,22.66
848,2933.71,71.2,2.8,69.91,1.79,126.76,22.66
849,2933.71,71.83,2.17,69.91,1.75,126.76,22.66
850,2933.77,71.97,2.03,69.91,2.07,126.57,22.66
851,2933.84,71.39,2.61,69.91,1.61,126.83,22.66
852,2933.9,70.78,3.22,69.91,1.84,127.59,22.66
853,2933.96,70.27,3.73,69.82,2.03,128.22,22.66
854,2933.96,69.25,4.75,69.91,1.6,128.94,22.66
855,2934.03,68.23,5.77,69.64,2.01,129.9,23.39
856,2934.03,68.59,5.41,69.64,2.18,130.36,23.39
857,2934.09,69.24,4.76,69.73,2.17,129.89,23.39
858,2934.15,69.07,4.93,69.64,2.19,130.25,23.39
859,2934.15,68.52,5.48,69.64,2.12,130.45,23.39
860,2934.22,68.48,5.52,69.64,2.19,130.87,23.39
861,2934.22,68.52,5.48,69.64,2.2,130.93,23.39
862,2934.22,68.44,5.56,69.73,2.36,129.6,23.39
863,2934.22,69.15,4.85,69.64,2.35,127.82,23.39
864,2934.22,70.36,3.64,69.64,2.21,125.92,23.39
865,2934.22,71.34,2.66,69.91,2.18,124.54,23.39
866,2934.22,72.3,1.7,69.82,2.0,123.38,23.39
867,2934.22,72.91,1.09,70.0,1.8,122.08,23.39
868,2934.22,73.48,0.52,69.91,2.1,121.17,23.39
869,2934.22,73.17,0.83,70.0,1.71,120.21,23.39
870,2934.22,73.68,0.32,70.09,1.67,119.5,23.39
871,2934.22,74.4,0.0,70.09,1.76,118.69,23.39
872,2934.22,74.87,0.0,70.09,1.73,118.21,23.39
873,2934.22,75.11,0.0,70.0,1.84,117.71,23.39
874,2934.22,75.28,0.0,69.91,2.03,117.28,23.39
875,2934.22,75.59,0.0,70.0,1.61,116.85,23.39
876,2934.22,75.77,0.0,6.98,2.27,116.51,23.39
877,2934.22,75.42,0.0,0.0,1.1,115.54,23.39
878,2934.22,87.71,0.0,0.0,0.82,114.22,23.39
879,2934.22,112.93,0.0,0.0,0.1,113.22,23.39
880,2934.22,124.62,0.0,0.0,0.0,112.82,23.39
881,2934.22,128.52,0.0,0.0,0.0,113.01,23.39
882,2934.22,130.09,0.0,0.0,0.0,113.39,23.39
883,2934.22,133.64,0.0,0.0,0.0,113.67,23.39
884,2934.22,135.88,0.0,0.0,0.0,114.3,23.39
885,2934.22,139.1,0.0,0.0,0.0,118.93,23.39
886,2934.22,135.59,0.0,0.0,0.0,124.6,23.39
887,2934.22,132.63,0.0,0.0,0.0,135.72,23.39
888,2934.22,141.79,0.0,0.0,0.0,135.81,23.39
889,2934.22,138.16,0.0,0.0,0.0,136.27,23.39
890,2934.22,45.14,0.0,0.0,0.0,139.34,23.39
891,2934.22,57.13,0.0,0.0,0.0,154.39,23.39
892,2934.22,58.83,0.0,0.0,0.0,146.63,23.39
893,2934.22,60.11,0.0,10.37,0.88,132.49,23.39
894,2934.22,65.36,0.0,76.34,1.46,123.95,23.39
895,2934.22,71.97,0.0,71.43,1.92,119.97,23.39
896,2934.22,74.64,0.0,49.57,1.54,118.07,23.39
897,2934.22,75.84,0.0,0.0,1.48,117.19,23.39
898,2934.22,94.03,0.0,0.0,0.93,115.62,23.39
899,2934.22,118.6,0.0,0.0,0.49,114.37,23.39
900,2934.22,132.35,0.0,0.0,0.0,115.25,23.39
901,2934.22,136.6,0.0,0.0,0.0,117.47,23.39
902,2934.22,135.48,0.0,0.0,0.0,123.56,23.39
903,2934.22,131.61,0.0,0.0,0.0,127.85,23.39
904,2934.22,126.82,0.0,0.0,0.0,127.53,23.39
905,2934.22,128.59,0.0,0.0,0.0,128.29,23.39
906,2934.22,130.33,0.0,0.0,0.0,128.12,23.39
907,2934.22,134.13,0.0,0.0,0.0,126.11,23.39
908,2934.22,141.05,0.0,0.0,0.0,124.04,23.39
909,2934.22,139.25,0.0,0.0,0.0,122.84,23.39
910,2934.22,135.87,0.0,0.0,0.0,123.35,23.39
911,2934.22,133.01,0.0,0.0,0.0,121.32,23.39
912,2934.22,59.28,0.0,0.0,0.0,120.71,23.39
913,2934.22,59.21,0.0,26.17,0.94,120.25,23.39
914,2934.22,66.07,0.0,74.73,1.64,119.2,23.39
915,2934.22,71.16,0.0,70.98,2.03,118.07,23.39
916,2934.22,71.1,0.0,71.79,1.46,117.6,23.39
917,2934.22,67.31,0.0,71.52,1.31,118.72,23.39
918,2934.22,64.23,0.0,71.7,1.42,119.98,23.39
919,2934.22,62.28,0.0,71.79,1.03,120.73,23.39
920,2934.22,61.28,0.0,71.61,1.12,121.19,23.39
921,2934.22,60.73,0.0,71.7,0.99,122.65,23.39
922,2934.22,60.69,0.0,71.7,0.97,124.7,23.39
923,2934.22,63.28,0.0,71.52,0.98,124.32,23.39
924,2934.22,58.85,0.0,71.52,1.03,124.02,23.39
925,2934.22,54.67,0.0,71.52,1.04,124.99,23.39
926,2934.22,52.77,0.0,71.43,1.01,125.29,23.39
927,2934.22,51.23,0.0,71.52,0.96,125.02,23.39
928,2934.22,52.34,0.0,71.34,1.05,124.51,23.39
929,2934.22,58.25,0.0,71.34,1.07,123.86,23.39
930,2934.22,65.49,0.0,71.34,1.71,121.9,23.39
931,2934.22,73.59,0.0,71.52,2.05,118.13,23.39
932,2934.22,76.48,0.0,71.43,2.36,115.43,23.39
933,2934.22,77.35,0.0,8.62,2.52,114.55,23.39
934,2934.22,92.46,0.0,0.0,1.57,113.33,23.39
935,2934.22,117.06,0.0,0.0,0.92,111.82,23.39
936,2934.22,127.37,0.0,0.0,0.47,111.16,23.39
937,2934.22,133.5,0.0,0.0,0.0,110.96,23.39
938,2934.22,134.64,0.0,0.0,0.0,111.56,23.39
939,2934.22,135.81,0.0,0.0,0.0,111.89,23.39
940,2934.22,137.87,0.0,0.0,0.0,111.77,23.39
941,2934.22,138.89,0.0,0.0,0.0,111.47,23.39
942,2934.22,142.2,0.0,0.0,0.0,111.41,23.39
943,2934.22,143.29,0.0,0.0,0.0,111.2,23.39
944,2934.22,140.33,0.0,0.0,0.0,111.13,23.39
945,2934.22,140.35,0.0,0.0,0.0,111.13,23.39
946,2934.22,134.78,0.0,0.0,0.0,110.86,23.39
947,2934.22,133.17,0.0,0.0,0.0,110.94,23.39
948,2934.22,132.4,0.0,0.0,0.0,111.0,23.39
949,2934.22,132.06,0.0,0.0,0.0,111.18,23.39
950,2934.22,130.83,0.0,0.0,0.0,110.98,23.39
951,2934.22,133.34,0.0,0.0,0.0,110.98,23.39
952,2934.22,140.13,0.0,0.0,0.0,110.73,23.39
953,2934.22,142.4,0.0,0.0,0.0,110.76,23.39
954,2934.22,147.85,0.0,0.0,0.0,110.93,23.39
955,2934.22,142.09,0.0,0.0,0.0,110.98,23.39
956,2934.22,140.87,0.0,0.0,0.0,111.84,23.39
957,2934.22,60.2,0.0,0.0,0.0,112.48,23.39
958,2934.22,59.11,0.0,7.17,0.79,113.99,23.39
959,2934.22,63.32,0.0,65.98,1.65,113.94,23.39
960,2934.22,71.06,0.0,69.64,2.13,114.11,23.39
961,2934.22,68.55,0.0,70.18,0.93,115.92,23.39
962,2934.22,62.77,0.0,70.18,0.76,121.08,23.39
963,2934.22,53.17,0.0,69.91,0.83,126.93,23.39
964,2934.22,51.95,0.0,70.0,0.86,129.99,23.39
965,2934.22,51.06,0.0,70.0,1.0,129.12,23.39
966,2934.22,53.88,0.0,70.0,0.89,127.19,23.39
967,2934.22,57.13,0.0,69.91,0.94,127.19,23.39
968,2934.22,56.52,0.0,69.91,1.01,125.6,23.39
969,2934.22,68.24,0.0,69.82,1.94,121.49,23.39
970,2934.22,76.68,0.0,68.57,2.05,117.0,23.39
971,2934.22,79.99,0.0,3.2,2.56,114.82,23.39
972,2934.22,102.63,0.0,0.0,1.37,112.66,23.39
973,2934.22,122.7,0.0,0.0,0.91,111.2,23.39
974,2934.22,130.79,0.0,0.0,0.39,110.81,23.39
975,2934.22,135.96,0.0,0.0,0.0,111.03,23.39
976,2934.22,135.93,0.0,0.0,0.0,111.22,23.39
977,2934.22,138.54,0.0,0.0,0.0,110.85,23.39
978,2934.22,140.6,0.0,0.0,0.0,110.35,23.39
979,2934.22,143.86,0.0,0.0,0.0,110.5,23.39
980,2934.22,148.94,0.0,0.0,0.0,110.49,23.39
981,2934.22,144.23,0.0,0.0,0.0,110.61,23.39
982,2934.22,143.44,0.0,0.0,0.0,110.87,23.39
983,2934.22,143.73,0.0,0.0,0.0,110.97,23.39
984,2934.22,141.42,0.0,0.0,0.0,111.24,23.39
985,2934.22,139.32,0.0,0.0,0.0,110.82,23.39
986,2934.22,133.1,0.0,0.0,0.0,111.13,23.39
987,2934.22,134.39,0.0,0.0,0.0,111.78,23.39
988,2934.22,135.03,0.0,0.0,0.0,111.47,23.39
989,2934.22,137.97,0.0,0.0,0.0,111.47,23.39
990,2934.22,142.06,0.0,0.0,0.0,111.44,23.39
991,2934.22,41.43,0.0,0.0,0.0,112.71,23.39
992,2934.22,77.01,0.0,0.0,0.0,116.21,23.39
993,2934.22,81.79,0.0,0.0,0.0,117.3,23.39
994,2934.22,150.09,0.0,0.0,0.0,113.49,23.39
995,2934.22,151.72,0.0,0.0,0.0,111.65,23.39
996,2934.22,148.94,0.0,0.0,0.0,111.43,23.39
997,2934.22,147.0,0.0,0.0,0.0,111.48,23.39
998,2934.22,139.3,0.0,0.0,0.0,111.26,23.39
999,2934.22,137.11,0.0,0.0,0.0,111.25,23.39
1000,2934.22,58.65,0.0,0.0,0.0,112.99,23.39
1001,2934.22,58.28,0.0,31.2,0.98,113.86,23.39
1002,2934.22,67.48,0.0,68.12,1.74,113.76,23.39
1003,2934.22,70.8,0.0,68.48,0.92,114.99,23.39
1004,2934.22,66.3,0.0,68.39,0.9,118.6,23.39
1005,2934.22,67.0,0.0,68.04,1.07,120.75,23.39
1006,2934.22,62.78,0.0,68.21,1.06,121.06,23.39
1007,2934.22,58.68,0.0,68.21,1.01,121.83,23.39
1008,2934.22,58.13,0.0,68.12,1.08,122.28,23.39
1009,2934.22,58.6,0.0,68.12,1.07,121.58,23.39
1010,2934.22,57.64,0.0,68.21,1.06,121.01,23.39
1011,2934.22,57.37,0.0,68.12,1.0,121.69,23.39
1012,2934.22,57.37,0.0,68.12,1.04,121.84,23.39
1013,2934.22,58.82,0.0,68.21,1.02,121.68,23.39
1014,2934.22,61.43,0.0,68.12,1.07,120.73,23.39
1015,2934.22,68.3,0.0,68.04,1.98,118.98,23.39
1016,2934.22,76.93,0.0,25.0,1.79,116.16,23.39
1017,2934.22,74.69,0.0,0.0,1.37,114.18,23.39
1018,2934.22,133.72,0.0,0.0,0.91,112.4,23.39
1019,2934.22,133.81,0.0,0.0,0.46,110.91,23.39
1020,2934.22,136.63,0.0,0.0,0.0,110.52,23.39
1021,2934.22,136.78,0.0,0.0,0.0,110.64,23.39
1022,2934.22,136.05,0.0,0.0,0.0,111.2,23.39
1023,2934.22,136.55,0.0,0.0,0.0,111.6,23.39
1024,2934.22,138.1,0.0,0.0,0.0,111.24,23.39
1025,2934.22,139.36,0.0,0.0,0.0,111.28,23.39
1026,2934.22,145.81,0.0,0.0,0.0,110.72,23.39
1027,2934.22,150.04,0.0,0.0,0.0,110.49,23.39
1028,2934.22,148.07,0.0,0.0,0.0,110.5,23.39
1029,2934.22,141.63,0.0,0.0,0.0,110.46,23.39
1030,2934.22,139.13,0.0,0.0,0.0,110.49,23.39
1031,2934.22,137.02,0.0,0.0,0.0,110.47,23.39
1032,2934.22,134.37,0.0,0.0,0.0,110.46,23.39
1033,2934.22,132.85,0.0,0.0,0.0,110.55,23.39
1034,2934.22,131.56,0.0,0.0,0.0,110.38,23.39
1035,2934.22,133.33,0.0,0.0,0.0,110.13,23.39
1036,2934.22,137.34,0.0,0.0,0.0,110.24,23.39
1037,2934.22,143.02,0.0,0.0,0.0,109.94,23.39
1038,2934.22,148.42,0.0,0.0,0.0,110.33,23.39
1039,2934.22,143.65,0.0,0.0,0.0,110.56,23.39
1040,2934.22,140.72,0.0,0.0,0.0,110.91,23.39
1041,2934.22,62.71,0.0,0.0,0.0,111.78,23.39
1042,2934.22,54.67,0.0,0.0,0.0,115.33,23.39
1043,2934.22,50.59,0.0,0.0,0.0,120.17,23.39
1044,2934.22,49.5,0.0,0.0,0.0,122.67,23.39
1045,2934.22,47.95,0.0,0.0,0.0,123.67,23.39
1046,2934.22,47.77,0.0,0.0,0.0,124.51,23.39
1047,2934.22,47.57,0.0,0.0,0.0,124.31,23.39
1048,2934.22,47.6,0.0,0.0,0.0,123.79,23.39
1049,2934.22,47.56,0.0,0.0,0.0,122.99,23.39
1050,2934.22,47.7,0.0,0.0,0.0,121.47,23.39
1051,2934.22,50.67,0.0,0.0,0.0,118.69,23.39
1052,2934.22,56.21,0.0,0.0,0.0,117.41,23.39
1053,2934.22,63.87,0.0,0.0,0.0,116.25,23.39
1054,2934.22,68.52,0.0,0.0,0.0,114.16,23.39
1055,2934.22,69.82,0.0,0.0,0.0,113.22,23.39
1056,2934.22,71.05,0.0,0.0,0.0,112.57,23.39
1057,2934.22,71.46,0.0,0.0,0.0,105.23,23.39
1058,2934.22,71.3,0.0,0.0,0.0,0.0,23.39
1059,2934.22,71.91,0.0,0.0,0.0,0.0,23.39
1060,2934.22,72.64,0.0,0.0,0.0,0.0,23.39
1061,2934.22,72.82,0.0,0.0,0.0,0.0,23.39
1062,2934.22,72.72,0.0,0.0,0.0,0.0,23.39
1063,2934.22,72.73,0.0,0.0,0.0,0.0,23.39
1064,2934.22,72.74,0.0,0.0,0.0,0.0,23.39
1065,2934.22,72.52,0.0,0.0,0.0,0.0,23.39
1066,2934.22,72.36,0.0,0.0,0.0,0.0,23.39
1067,2934.22,72.28,0.0,0.0,0.0,0.0,23.39
1068,2934.22,72.25,0.0,0.0,0.0,0.0,23.39
1069,2934.22,72.17,0.0,0.0,0.0,0.0,23.39
1070,2934.22,72.12,0.0,0.0,0.0,0.0,23.39
1071,2934.22,72.02,0.0,0.0,0.0,0.0,23.39
1072,2934.22,71.8,0.0,0.0,0.0,0.0,23.39
1073,2934.22,71.74,0.0,0.0,0.0,26.2,23.39
1074,2934.22,72.01,0.0,0.0,0.0,65.91,23.39
1075,2934.22,72.33,0.0,0.0,0.0,86.18,23.39
1076,2934.22,72.35,0.0,0.0,0.0,99.3,23.39
1077,2934.22,73.11,0.0,0.0,0.0,105.87,23.39
1078,2934.22,72.88,0.0,0.0,0.0,108.85,23.39
1079,2934.22,73.2,0.0,0.0,0.0,110.25,23.39
1080,2934.22,73.19,0.0,0.0,0.0,111.0,23.39
1081,2934.22,73.26,0.0,0.0,0.0,111.45,23.39
1082,2934.22,73.02,0.0,0.0,0.0,111.7,23.39
1083,2934.22,73.15,0.0,0.0,0.0,111.69,23.39
1084,2934.22,73.63,0.0,0.0,0.0,111.48,23.39
1085,2934.22,73.42,0.0,0.0,0.0,111.37,23.39
1086,2934.22,73.12,0.0,0.0,0.0,111.42,23.39
1087,2934.22,73.07,0.0,0.0,0.0,111.34,23.39
1088,2934.22,72.84,0.0,0.0,0.0,111.29,23.39
1089,2934.22,72.6,0.0,0.0,0.0,111.14,23.39
1090,2934.22,72.66,0.0,0.0,0.0,111.18,23.39
1091,2934.22,72.91,0.0,0.0,0.0,111.16,23.39
1092,2934.22,73.31,0.0,0.0,0.0,111.07,23.39
1093,2934.22,73.33,0.0,0.0,0.0,110.91,23.39
1094,2934.22,73.42,0.0,0.0,0.0,110.89,23.39
1095,2934.22,73.37,0.0,0.0,0.0,111.15,23.39
1096,2934.22,73.3,0.0,0.0,0.0,111.15,23.39
1097,2934.22,73.48,0.0,0.0,0.0,111.23,23.39
1098,2934.22,73.51,0.0,0.0,0.0,111.25,23.39
1099,2934.22,73.09,0.0,0.0,0.0,111.12,23.39
1100,2934.22,72.95,0.0,0.0,0.0,111.06,23.39
1101,2934.22,72.92,0.0,0.0,0.0,110.91,23.39
1102,2934.22,73.11,0.0,0.0,0.0,110.87,23.39
1103,2934.22,73.01,0.0,0.0,0.0,110.98,23.39
1104,2934.22,73.22,0.0,0.0,0.0,110.97,23.39
1105,2934.22,71.21,0.0,0.0,0.0,111.16,23.39
1106,2934.22,57.77,0.0,0.0,0.0,112.04,23.39
1107,2934.22,104.18,0.0,0.0,0.0,112.23,23.39
1108,2934.22,122.61,0.0,0.0,0.0,110.47,23.39
1109,2934.22,132.16,0.0,0.0,0.0,109.97,23.39
1110,2934.22,131.0,0.0,0.0,0.0,110.12,23.39
1111,2934.22,52.02,0.0,0.0,0.0,115.08,23.39
1112,2934.22,54.09,0.0,0.0,0.0,116.75,23.39
1113,2934.22,52.62,0.0,0.0,0.0,115.74,23.39
1114,2934.22,11.72,0.0,0.0,0.0,113.74,23.39
1115,2934.22,2.36,0.0,0.0,0.0,112.65,23.39
1116,2934.22,2.35,0.0,0.0,0.0,100.87,23.39
1117,2934.22,2.07,0.0,0.0,0.0,0.0,23.39
1118,2934.22,1.99,0.0,0.0,0.0,0.0,23.39
1119,2934.22,1.87,0.0,0.0,0.0,0.0,23.39
1120,2934.22,-0.37,0.37,0.0,0.0,0.0,23.39
1121,2934.22,3.42,0.0,0.0,0.0,0.0,23.39
1122,2934.22,1.49,0.0,0.0,0.0,0.0,23.39
1123,2934.22,1.34,0.0,0.0,0.0,0.0,23.39
1124,2934.22,1.41,0.0,7.27,0.84,0.0,23.39
1125,2934.22,2.51,0.0,15.31,0.38,0.0,23.39
1126,2934.22,2.77,0.0,15.41,0.0,0.0,23.39
1127,2934.22,3.03,0.0,15.21,0.14,0.0,23.39
1128,2934.22,2.67,0.0,15.41,0.0,0.0,23.39
1129,2934.22,2.23,0.0,15.41,0.0,0.0,23.39
1130,2934.22,1.93,0.0,15.31,0.0,0.0,23.39
1131,2934.22,1.7,0.0,9.5,0.2,0.0,23.39
1132,2934.22,3.08,0.0,0.0,0.0,0.0,23.39
1133,2934.22,2.4,0.0,0.0,0.0,0.0,23.39
1134,2934.22,1.98,0.0,0.0,0.0,0.0,23.39
1135,2934.22,1.69,0.0,0.0,0.0,0.0,23.39
1136,2934.22,1.53,0.0,0.0,0.0,0.0,23.39
1137,2934.22,1.55,0.0,0.0,0.0,0.0,23.39
1138,2934.22,1.75,0.0,0.0,0.0,0.0,23.39
1139,2934.22,1.68,0.0,0.0,0.0,0.0,23.39
1140,2934.22,1.54,0.0,0.0,0.0,0.0,23.39
1141,2934.22,1.49,0.0,0.0,0.0,0.0,23.39
1142,2934.22,74.8,0.0,0.0,0.0,0.0,23.39
1143,2934.22,130.16,0.0,0.0,0.0,0.0,23.39
1144,2934.22,129.28,0.0,0.0,0.0,0.0,23.39
1145,2934.22,134.4,0.0,0.0,0.0,0.0,23.39
1146,2934.22,139.25,0.0,0.0,0.0,0.0,23.39
1147,2934.22,142.17,0.0,0.0,0.0,0.0,23.39
1148,2934.22,144.78,0.0,0.0,0.0,0.0,23.39
1149,2934.22,148.7,0.0,0.0,0.0,0.0,23.39
1150,2934.22,147.31,0.0,0.0,0.0,0.0,23.39
1151,2934.22,148.5,0.0,0.0,0.0,0.0,23.39
1152,2934.22,150.15,0.0,0.0,0.0,0.0,23.39
1153,2934.22,59.97,0.0,0.0,0.0,0.0,23.39
1154,2934.22,123.45,0.0,0.0,0.0,0.0,23.39
1155,2934.22,145.97,0.0,0.0,0.0,0.0,23.39
1156,2934.22,149.84,0.0,0.0,0.0,0.0,23.39
1157,2934.22,149.92,0.0,0.0,0.0,0.0,23.39
1158,2934.22,147.23,0.0,0.0,0.0,0.0,23.39
1159,2934.22,146.78,0.0,0.0,0.0,0.0,23.39
1160,2934.22,143.54,0.0,0.0,0.0,0.0,23.39
1161,2934.22,142.87,0.0,0.0,0.0,0.0,23.39
1162,2934.22,141.23,0.0,0.0,0.0,0.0,23.39
1163,2934.22,144.41,0.0,0.0,0.0,0.0,23.39
1164,2934.22,145.38,0.0,0.0,0.0,0.0,23.39
1165,2934.22,148.73,0.0,0.0,0.0,0.0,23.39
1166,2934.22,152.3,0.0,0.0,0.0,0.0,23.39
1167,2934.22,151.03,0.0,0.0,0.0,0.0,23.39
1168,2934.22,149.49,0.0,0.0,0.0,0.0,23.39
1169,2934.22,133.89,0.0,0.0,0.0,0.0,23.39
1170,2934.22,59.72,0.0,0.0,0.0,0.0,23.39
1171,2934.22,58.38,0.0,0.0,0.0,0.0,23.39
1172,2934.22,54.43,0.0,0.0,0.0,0.0,23.39
1173,2934.22,9.05,0.0,0.0,0.0,0.0,23.39
1174,2934.22,2.35,0.0,0.0,0.0,0.0,23.39
1175,2934.22,2.09,0.0,0.0,0.0,0.0,23.39
1176,2934.22,1.78,0.0,0.0,0.0,0.0,23.39
1177,2934.22,1.53,0.0,0.0,0.0,0.0,23.39
1178,2934.22,1.41,0.0,0.0,0.0,0.0,23.39
1179,2934.22,1.41,0.0,0.0,0.0,0.0,23.39
1180,2934.22,1.38,0.0,0.0,0.0,0.0,23.39
1181,2934.22,1.46,0.0,0.0,0.0,0.0,23.39
1182,2934.22,1.63,0.0,0.0,0.0,0.0,23.39
1183,2934.22,1.65,0.0,0.0,0.0,0.0,23.39
1184,2934.22,1.56,0.0,0.0,0.0,0.0,23.39
1185,2934.22,1.48,0.0,0.0,0.0,0.0,23.39
1186,2934.22,1.59,0.0,0.0,0.0,0.0,23.39
1187,2934.22,1.61,0.0,0.0,0.0,0.0,23.39
1188,2934.22,1.59,0.0,0.0,0.0,0.0,23.39
1189,2934.22,1.52,0.0,0.0,0.0,0.0,23.39
1190,2934.22,1.51,0.0,0.0,0.0,0.0,23.39
1191,2934.22,1.49,0.0,0.0,0.0,0.0,23.39
1192,2934.22,1.53,0.0,0.0,0.0,0.0,23.39
1193,2934.22,1.6,0.0,0.0,0.0,0.0,23.39
1194,2934.22,1.73,0.0,0.0,0.0,0.0,23.39
1195,2934.22,2.1,0.0,0.0,0.0,0.0,23.39
1196,2934.22,2.29,0.0,0.0,0.0,0.0,23.39
1197,2934.22,2.44,0.0,0.0,0.0,0.0,23.39
1198,2934.22,2.16,0.0,0.0,0.0,0.0,23.39
1199,2934.22,1.97,0.0,0.0,0.0,0.0,23.39
1200,2934.22,0.79,0.0,0.0,0.0,0.0,23.39
1201,2934.22,0.74,0.0,0.0,0.0,0.0,23.39
1202,2934.22,0.73,0.0,0.0,0.0,0.0,23.39
1203,2934.22,2.63,0.0,0.0,0.0,0.0,23.39
1204,2934.22,2.44,0.0,0.0,0.0,0.0,23.39
1205,2934.22,2.44,0.0,0.0,0.0,0.0,23.39
1206,2934.22,2.31,0.0,0.0,0.0,0.0,23.39
1207,2934.22,2.32,0.0,0.0,0.0,0.0,23.39
1208,2934.22,2.19,0.0,0.0,0.0,0.0,23.39
1209,2934.22,1.99,0.0,0.0,0.0,0.0,23.39
1210,2934.22,1.81,0.0,0.0,0.0,0.0,23.39
1211,2934.22,1.68,0.0,0.0,0.0,0.0,23.39
1212,2934.22,3.66,0.0,0.0,0.0,0.0,23.39
1213,2934.22,2.81,0.0,0.0,0.0,0.0,23.39
1214,2934.22,2.47,0.0,0.0,0.0,0.0,23.39
1215,2934.22,2.29,0.0,0.0,0.0,0.0,23.39
1216,2934.22,2.12,0.0,0.0,0.0,0.0,23.39
1217,2934.22,1.81,0.0,0.0,0.0,0.0,23.39
1218,2934.22,1.68,0.0,0.0,0.0,0.0,23.39
1219,2934.22,1.6,0.0,0.0,0.0,0.0,23.39
1220,2934.22,1.6,0.0,0.0,0.0,0.0,23.39
1221,2934.22,1.89,0.0,0.0,0.0,0.0,23.39
1222,2934.22,1.91,0.0,0.0,0.0,0.0,23.39
1223,2934.22,1.82,0.0,0.0,0.0,0.0,23.39
1224,2934.22,1.69,0.0,0.0,0.0,0.0,23.39
1225,2934.22,1.63,0.0,0.0,0.0,0.0,23.39
1226,2934.22,1.76,0.0,0.0,0.0,0.0,23.39
1227,2934.22,1.71,0.0,0.0,0.0,0.0,23.39
1228,2934.22,40.86,0.0,0.0,0.0,0.0,23.39
1229,2934.22,44.62,0.0,0.0,0.0,0.0,23.39
1230,2934.22,41.78,0.0,0.0,0.0,0.0,23.39
1231,2934.22,48.32,0.0,0.0,0.0,0.0,23.39
1232,2934.22,54.2,0.0,0.0,0.0,0.0,23.39
1233,2934.22,56.01,0.0,0.0,0.0,0.0,23.39
1234,2934.22,57.19,0.0,0.0,0.0,0.0,23.39
1235,2934.22,58.11,0.0,0.0,0.0,0.0,23.39
1236,2934.22,58.73,0.0,0.0,0.0,0.0,23.39
1237,2934.22,88.75,0.0,0.0,0.0,0.0,23.39
1238,2934.22,3.04,0.0,0.0,0.0,0.0,23.39
1239,2934.22,2.43,0.0,0.0,0.0,0.0,23.39
1240,2934.22,1.98,0.0,0.0,0.0,0.0,23.39
1241,2934.22,1.75,0.0,0.0,0.0,0.0,23.39
1242,2934.22,1.53,0.0,0.0,0.0,0.0,23.39
1243,2934.22,3.28,0.0,0.0,0.0,0.0,23.39
1244,2934.22,3.01,0.0,0.0,0.0,0.0,23.39
1245,2934.22,2.78,0.0,0.0,0.0,0.0,23.39
1246,2934.22,2.59,0.0,0.0,0.0,0.0,23.39
1247,2934.22,0.94,0.0,0.0,0.0,0.0,23.39
1248,2934.22,1.08,0.0,0.0,0.0,0.0,23.39
1249,2934.22,1.01,0.0,0.0,0.0,0.0,23.39
1250,2934.22,0.97,0.0,0.0,0.0,0.0,23.39
1251,2934.22,2.86,0.0,0.0,0.0,0.0,23.39
1252,2934.22,2.78,0.0,0.0,0.0,0.0,23.39
1253,2934.22,0.74,0.0,0.0,0.0,0.0,23.39
1254,2934.22,0.73,0.0,0.0,0.0,0.0,23.39
1255,2934.22,0.75,0.0,0.0,0.0,0.0,23.39
1256,2934.22,0.75,0.0,0.0,0.0,0.0,23.39
1257,2934.22,0.76,0.0,0.0,0.0,0.0,23.39
1258,2934.22,0.74,0.0,0.0,0.0,0.0,23.39
1259,2934.22,0.74,0.0,0.0,0.0,0.0,23.39
1260,2934.22,0.75,0.0,0.0,0.0,0.0,23.39
1261,2934.22,0.75,0.0,0.0,0.0,0.0,23.39
1262,2934.22,2.53,0.0,0.0,0.0,0.0,23.39
1263,2934.22,76.63,0.0,0.0,0.0,0.0,23.39
1264,2934.22,54.88,0.0,0.0,0.0,0.0,23.39
1265,2934.22,54.54,0.0,0.0,0.0,0.0,23.39
1266,2934.22,55.4,0.0,0.0,0.0,0.0,23.39
1267,2934.22,57.1,0.0,0.0,0.0,0.0,23.39
1268,2934.22,56.73,0.0,0.0,0.0,0.0,23.39
1269,2934.22,57.82,0.0,0.0,0.0,0.0,23.39
1270,2934.22,57.03,0.0,0.0,0.0,0.0,23.39
1271,2934.22,70.77,0.0,0.0,0.0,0.0,23.39
1272,2934.22,16.34,0.0,0.0,0.0,0.0,23.39
1273,2934.22,88.31,0.0,0.0,0.0,0.0,23.39
1274,2934.22,79.76,0.0,0.0,0.0,0.0,23.39
1275,2934.22,72.78,0.0,0.0,0.0,0.0,23.39
1276,2934.22,4.13,0.0,0.0,0.0,0.0,23.39
1277,2934.22,3.03,0.0,0.0,0.0,0.0,23.39
1278,2934.22,2.58,0.0,0.0,0.0,0.0,23.39
1279,2934.22,2.37,0.0,0.0,0.0,0.0,23.39
1280,2934.22,2.17,0.0,0.0,0.0,0.0,23.39
1281,2934.22,2.17,0.0,0.0,0.0,0.0,23.39
1282,2934.22,2.08,0.0,0.0,0.0,0.0,23.39
1283,2934.22,2.02,0.0,0.0,0.0,0.0,23.39
1284,2934.22,2.15,0.0,0.0,0.0,0.0,23.39
1285,2934.22,2.04,0.0,0.0,0.0,0.0,23.39
1286,2934.22,1.94,0.0,0.0,0.0,0.0,23.39
1287,2934.22,3.63,0.0,0.0,0.0,0.0,23.39
1288,2934.22,2.82,0.0,0.0,0.0,0.0,23.39
1289,2934.22,2.66,0.0,0.0,0.0,0.0,23.39
1290,2934.22,2.48,0.0,0.0,0.0,0.0,23.39
1291,2934.22,2.04,0.0,0.0,0.0,0.0,23.39
1292,2934.22,1.84,0.0,0.0,0.0,0.0,23.39
1293,2934.22,1.68,0.0,0.0,0.0,0.0,23.39
1294,2934.22,1.51,0.0,0.0,0.0,0.0,23.39
1295,2934.22,1.4,0.0,0.0,0.0,0.0,23.39
1296,2934.22,1.36,0.0,0.0,0.0,0.0,23.39
1297,2934.22,1.59,0.0,0.0,0.0,0.0,23.39
1298,2934.22,1.51,0.0,0.0,0.0,0.0,23.39
1299,2934.22,1.42,0.0,0.0,0.0,0.0,23.39
1300,2934.22,1.35,0.0,0.0,0.0,0.0,23.39
1301,2934.22,1.28,0.0,0.0,0.0,0.0,23.39
1302,2934.22,1.22,0.0,0.0,0.0,0.0,23.39
1303,2934.22,1.2,0.0,0.0,0.0,0.0,23.39
1304,2934.22,1.16,0.0,0.0,0.0,0.0,23.39
1305,2934.22,1.15,0.0,0.0,0.0,0.0,23.39
1306,2934.22,1.21,0.0,0.0,0.0,0.0,23.39
1307,2934.22,1.18,0.0,0.0,0.0,0.0,23.39
1308,2934.22,2.03,0.0,0.0,0.0,0.0,23.39
1309,2934.22,1.71,0.0,0.0,0.0,0.0,23.39
1310,2934.22,1.49,0.0,0.0,0.0,0.0,23.39
1311,2934.22,1.52,0.0,0.0,0.0,0.0,23.39
1312,2934.22,1.41,0.0,3.0,0.68,0.0,23.39
1313,2934.22,1.61,0.0,15.41,0.0,0.0,23.39
1314,2934.22,1.8,0.0,15.21,0.0,0.0,23.39
1315,2934.22,1.92,0.0,15.21,0.0,0.0,23.39
1316,2934.22,1.98,0.0,15.31,0.0,0.0,23.39
1317,2934.22,1.8,0.0,15.31,0.0,0.0,23.39
1318,2934.22,1.65,0.0,15.21,0.0,0.0,23.39
1319,2934.22,1.46,0.0,15.21,0.0,0.0,23.39
1320,2934.22,1.23,0.0,15.21,0.0,0.0,23.39
1321,2934.22,1.17,0.0,15.21,0.0,0.0,23.39
1322,2934.22,1.16,0.0,15.21,0.0,0.0,23.39
1323,2934.22,1.71,0.0,15.21,0.0,0.0,23.39
1324,2934.22,0.4,0.0,0.0,0.94,0.0,23.39
1325,2934.22,0.25,0.0,0.0,0.92,0.0,23.39
1326,2934.22,0.26,0.0,0.29,2.52,0.0,23.39
1327,2934.22,0.16,0.0,0.0,2.33,0.0,23.39
1328,2934.22,109.21,0.0,0.0,1.4,0.0,23.39
1329,2934.22,134.23,0.0,0.0,0.94,0.0,23.39
1330,2934.22,52.77,0.0,0.0,0.71,0.0,23.39
1331,2934.22,102.87,0.0,0.0,0.0,0.0,23.39
1332,2934.22,130.46,0.0,0.0,0.0,0.0,23.39
1333,2934.22,116.74,0.0,0.0,0.0,0.0,23.39
1334,2934.22,84.82,0.0,0.0,0.0,0.0,23.39
1335,2934.22,72.75,0.0,0.0,0.0,0.0,23.39
1336,2934.22,68.05,0.0,0.0,0.0,0.0,23.39
1337,2934.22,65.93,0.0,0.0,0.0,0.0,23.39
1338,2934.22,65.03,0.0,0.0,0.0,0.0,23.39
1339,2934.22,64.61,0.0,0.0,0.0,0.0,23.39
1340,2934.22,64.3,0.0,0.0,0.0,0.0,23.39
1341,2934.22,63.63,0.0,0.0,0.0,59.65,23.39
1342,2934.22,63.56,0.0,0.0,0.0,84.85,23.39
1343,2934.22,62.86,0.0,0.0,0.0,101.38,23.39
1344,2934.22,62.32,0.0,0.0,0.0,107.66,23.39
1345,2934.22,61.87,0.0,0.0,0.0,110.59,23.39
1346,2934.22,62.19,0.0,0.0,0.0,111.94,23.39
1347,2934.22,62.13,0.0,0.0,0.0,112.38,23.39
1348,2934.22,61.78,0.0,0.0,0.0,112.52,23.39
1349,2934.22,61.95,0.0,0.0,0.0,112.5,23.39
1350,2934.22,62.38,0.0,0.0,0.0,112.46,23.39
1351,2934.22,62.4,0.0,0.0,0.0,112.47,23.39
1352,2934.22,63.03,0.0,26.62,0.94,112.47,23.39
1353,2934.22,68.9,0.0,49.68,1.79,112.39,23.39
1354,2934.22,75.83,0.0,49.68,2.04,112.86,23.39
1355,2934.22,79.53,0.0,49.79,2.04,113.32,23.39
1356,2934.22,80.68,0.0,49.79,2.23,113.54,23.39
1357,2934.22,81.15,0.0,49.89,2.12,113.42,23.39
1358,2934.22,81.52,0.0,50.0,1.88,113.27,23.39
1359,2934.22,81.18,0.0,50.0,2.02,113.12,23.39
1360,2934.22,81.34,0.0,50.0,2.11,113.06,23.39
1361,2934.22,81.69,0.0,49.89,2.02,113.08,23.39
1362,2934.22,80.92,0.0,50.09,2.02,112.99,23.39
1363,2934.22,80.9,0.0,50.0,1.91,113.03,23.39
1364,2934.22,80.91,0.0,49.89,1.92,113.01,23.39
1365,2934.22,80.9,0.0,49.89,1.94,112.94,23.39
1366,2934.22,81.2,0.0,50.0,2.02,112.84,23.39
1367,2934.22,81.11,0.0,49.89,2.05,112.67,23.39
1368,2934.22,81.26,0.0,49.89,2.04,112.63,23.39
1369,2934.22,81.18,0.0,49.89,1.96,112.48,23.39
1370,2934.22,80.88,0.0,49.79,2.17,112.5,23.39
1371,2934.22,81.01,0.0,49.89,2.12,112.35,23.39
1372,2934.22,80.83,0.0,49.79,2.14,112.27,23.39
1373,2934.22,80.67,0.0,49.79,2.15,112.5,23.39
1374,2934.22,80.96,0.0,49.68,2.28,112.54,23.39
1375,2934.22,81.2,0.0,49.79,2.07,113.27,23.39
1376,2934.22,81.23,0.0,49.89,1.6,113.52,23.39
1377,2934.22,81.67,0.0,49.89,1.68,114.04,23.39
1378,2934.22,81.91,0.0,50.0,1.91,113.78,23.39
1379,2934.22,81.42,0.0,49.68,2.25,113.56,23.39
1380,2934.22,81.56,0.0,49.79,1.83,113.56,23.39
1381,2934.22,81.49,0.0,49.79,1.93,113.66,23.39
1382,2934.22,81.29,0.0,49.89,2.05,113.77,23.39
1383,2934.22,81.39,0.0,49.79,2.16,113.49,23.39
1384,2934.22,81.55,0.0,49.89,2.07,113.26,23.39
1385,2934.22,81.87,0.0,49.79,2.3,112.94,23.39
1386,2934.22,81.83,0.0,49.89,2.08,112.87,23.39
1387,2934.22,80.45,0.0,50.27,1.12,113.05,23.39
1388,2934.22,80.05,0.0,49.89,1.63,113.51,23.39
1389,2934.22,80.55,0.0,49.89,1.67,113.63,23.39
1390,2934.22,81.42,0.0,49.89,1.68,113.68,23.39
1391,2934.22,79.92,0.0,50.0,1.79,114.42,23.39
1392,2934.22,78.23,0.0,49.79,2.16,116.93,23.39
1393,2934.22,75.72,0.0,49.79,2.05,119.08,23.39
1394,2934.22,74.12,0.0,49.89,2.07,121.65,23.39
1395,2934.22,73.26,0.0,49.68,2.24,123.59,23.39
1396,2934.28,73.5,0.0,49.68,2.34,123.74,23.39
1397,2934.28,73.1,0.0,49.79,2.19,123.83,23.39
1398,2934.34,71.99,0.0,49.68,2.36,124.96,23.39
1399,2934.47,70.93,0.0,49.79,2.08,127.59,23.39
1400,2934.47,70.51,0.0,49.79,2.07,129.33,23.39
1401,2934.53,69.75,0.0,49.79,2.04,130.08,23.39
1402,2934.53,68.97,0.0,49.79,2.08,132.02,23.39
1403,2934.53,69.56,0.0,49.89,1.98,132.03,23.39
1404,2934.6,69.76,0.0,49.68,2.15,131.72,23.39
1405,2934.6,69.01,0.0,49.79,2.22,130.78,23.39
1406,2934.66,69.03,0.0,49.89,1.93,130.48,23.39
1407,2934.72,69.38,0.0,50.09,1.59,130.38,23.39
1408,2934.72,69.62,0.0,49.89,1.9,130.12,23.39
1409,2934.79,69.93,0.0,50.09,1.77,130.1,23.39
1410,2934.79,69.67,0.0,50.0,1.93,130.2,23.39
1411,2934.85,68.56,0.0,49.89,1.93,131.27,23.39
1412,2934.91,67.86,0.0,49.89,2.01,132.81,23.39
1413,2934.91,67.73,0.0,50.0,1.86,133.2,23.39
1414,2934.98,67.02,0.0,50.09,1.75,133.44,23.39
1415,2934.98,67.25,0.0,50.0,1.94,133.18,23.39
1416,2935.04,67.39,0.0,49.89,1.99,132.55,16.22
1417,2935.1,68.14,0.0,50.0,1.74,132.08,16.22
1418,2935.1,68.4,0.0,49.89,2.04,132.44,16.22
1419,2935.1,68.74,0.0,49.89,2.11,131.99,16.22
1420,2935.17,68.97,0.0,49.89,2.0,130.95,16.22
1421,2935.17,69.11,0.0,49.79,2.01,131.02,16.22
1422,2935.17,69.54,0.0,49.89,1.94,130.72,16.22
1423,2935.17,70.63,0.0,50.0,1.78,129.73,16.22
1424,2935.23,71.0,0.0,49.79,2.21,128.04,16.22
1425,2935.29,71.46,0.0,49.68,2.28,128.1,16.22
1426,2935.29,71.51,0.0,49.57,2.09,128.12,16.22
1427,2935.36,71.55,0.0,49.79,1.86,127.96,16.22
1428,2935.36,70.78,0.0,49.89,1.83,128.29,16.22
1429,2935.42,71.28,0.0,50.0,1.65,129.17,16.22
1430,2935.42,70.3,0.0,50.0,1.79,129.65,16.22
1431,2935.48,70.28,0.0,50.0,1.85,130.44,16.22
1432,2935.48,70.08,0.0,49.89,2.01,131.04,16.22
1433,2935.55,70.12,0.0,49.89,2.11,131.56,16.22
1434,2935.55,70.44,0.0,49.79,2.3,131.99,16.22
1435,2935.61,70.27,0.0,49.68,2.36,131.99,16.22
1436,2935.61,69.97,0.0,49.57,2.35,132.12,16.22
1437,2935.67,69.82,0.0,49.68,2.25,132.22,16.22
1438,2935.67,70.13,0.0,49.57,2.16,132.12,16.22
1439,2935.67,69.93,0.0,49.68,2.2,131.94,16.22
1440,2935.67,70.35,0.0,49.68,2.11,130.78,16.22
